data,ano,mes,dia_juliano,hora,nucleo_sub_regional,local_recolha,especie,grupo,hcv,hcv_pct,t_ar_c,hr_pct,qa_flags
2019-06-04,2019,6,155,,"Beira Baixa, Beiras e Serra da Estrela",Castelo Branco,Esteva,Matos mediterrânicos,1.08,108.0,,,
2019-06-04,2019,6,155,,"Beira Baixa, Beiras e Serra da Estrela",Castelo Branco,P. bravo,Pinhais,1.34,134.0,,,
2019-06-25,2019,6,176,,"Beira Baixa, Beiras e Serra da Estrela",Castelo Branco,Esteva,Matos mediterrânicos,0.97,97.0,,,
2019-06-25,2019,6,176,,"Beira Baixa, Beiras e Serra da Estrela",Castelo Branco,P. bravo,Pinhais,1.12,112.0,,,
2019-07-01,2019,7,182,,Douro,Vila Real,Urze,Matos atlânticos,1.09,109.0,,,
2019-07-01,2019,7,182,,Douro,Vila Real,Carqueja,Matos atlânticos,1.18,118.0,,,
2019-07-02,2019,7,183,,Alto Minho e Cávado,Ponte de Lima,Tojo,Matos atlânticos,1.62,162.0,,,
2019-07-02,2019,7,183,,Alto Minho e Cávado,Ponte de Lima,Giesta,Giestais,1.83,183.0,,,
2019-07-03,2019,7,184,,Alto Tâmega e Terra de Trás-os-Montes,Bragança,Tojo,Matos atlânticos,1.35,135.0,,,
2019-07-03,2019,7,184,,Alto Tâmega e Terra de Trás-os-Montes,Bragança,Urze,Matos atlânticos,1.29,129.0,,,
2019-07-03,2019,7,184,,"Beira Baixa, Beiras e Serra da Estrela",Castelo Branco,Esteva,Matos mediterrânicos,0.92,92.0,,,
2019-07-03,2019,7,184,,"Beira Baixa, Beiras e Serra da Estrela",Castelo Branco,P. bravo,Pinhais,1.15,115.0,,,
2019-07-15,2019,7,196,,"Beira Baixa, Beiras e Serra da Estrela",Castelo Branco,Esteva,Matos mediterrânicos,0.83,83.0,,,
2019-07-15,2019,7,196,,"Beira Baixa, Beiras e Serra da Estrela",Castelo Branco,P. bravo,Pinhais,1.32,132.0,,,
2019-07-15,2019,7,196,,"Beira Baixa, Beiras e Serra da Estrela",Castelo Branco,Carqueja,Matos atlânticos,0.83,83.0,,,
2019-07-15,2019,7,196,,"Aveiro, Viseu e Dão Lafões",Castro d'Aire,Urze,Matos atlânticos,1.01,101.0,,,
2019-07-15,2019,7,196,,"Aveiro, Viseu e Dão Lafões",Castro d'Aire,Carqueja,Matos atlânticos,1.03,103.0,,,
2019-07-15,2019,7,196,,Douro,Vila Real,Urze,Matos atlânticos,0.93,93.0,,,
2019-07-15,2019,7,196,,Douro,Vila Real,Carqueja,Matos atlânticos,1.06,106.0,,,
2019-07-17,2019,7,198,,Alto Tâmega e Terra de Trás-os-Montes,Bragança,Tojo,Matos atlânticos,1.2,120.0,,,
2019-07-17,2019,7,198,,Alto Tâmega e Terra de Trás-os-Montes,Bragança,Urze,Matos atlânticos,0.98,98.0,,,
2019-07-17,2019,7,198,,Alto Minho e Cávado,Ponte de Lima,Tojo,Matos atlânticos,1.57,157.0,,,
2019-07-17,2019,7,198,,Alto Minho e Cávado,Ponte de Lima,Giesta,Giestais,1.92,192.0,,,
2019-07-31,2019,7,212,,Alto Tâmega e Terra de Trás-os-Montes,Bragança,Tojo,Matos atlânticos,1.0,100.0,,,
2019-07-31,2019,7,212,,Alto Tâmega e Terra de Trás-os-Montes,Bragança,Esteva,Matos mediterrânicos,0.77,77.0,,,
2019-07-31,2019,7,212,,Alto Minho e Cávado,Ponte de Lima,Tojo,Matos atlânticos,1.31,131.0,,,
2019-07-31,2019,7,212,,Alto Minho e Cávado,Ponte de Lima,Giesta,Giestais,1.45,145.0,,,
2019-07-31,2019,7,212,,Douro,Vila Real,Urze,Matos atlânticos,1.06,106.0,,,
2019-07-31,2019,7,212,,Douro,Vila Real,Carqueja,Matos atlânticos,0.94,94.0,,,
2019-08-13,2019,8,225,,Alto Tâmega e Terra de Trás-os-Montes,Bragança,Tojo,Matos atlânticos,0.88,88.0,,,
2019-08-13,2019,8,225,,Alto Tâmega e Terra de Trás-os-Montes,Bragança,Esteva,Matos mediterrânicos,0.99,99.0,,,
2019-08-13,2019,8,225,,"Aveiro, Viseu e Dão Lafões",Castro d'Aire,Urze,Matos atlânticos,0.94,94.0,,,
2019-08-13,2019,8,225,,"Aveiro, Viseu e Dão Lafões",Castro d'Aire,Carqueja,Matos atlânticos,0.97,97.0,,,
2019-08-13,2019,8,225,,Alto Minho e Cávado,Ponte de Lima,Tojo,Matos atlânticos,1.26,126.0,,,
2019-08-13,2019,8,225,,Alto Minho e Cávado,Ponte de Lima,Giesta,Giestais,1.57,157.0,,,
2019-08-13,2019,8,225,,Douro,Vila Real,Urze,Matos atlânticos,0.98,98.0,,,
2019-08-13,2019,8,225,,Douro,Vila Real,Carqueja,Matos atlânticos,0.89,89.0,,,
2019-08-22,2019,8,234,,Médio Tejo e Lezíria do tejo,Santarém,Tojo,Matos atlânticos,0.89,89.0,,,
2019-08-22,2019,8,234,,Médio Tejo e Lezíria do tejo,Santarém,P. bravo,Pinhais,1.36,136.0,,,
2019-08-27,2019,8,239,,Alto Minho e Cávado,Ponte de Lima,Tojo,Matos atlânticos,1.34,134.0,,,
2019-08-27,2019,8,239,,Alto Minho e Cávado,Ponte de Lima,Giesta,Giestais,1.85,185.0,,,
2019-08-28,2019,8,240,,Alto Tâmega e Terra de Trás-os-Montes,Bragança,Tojo,Matos atlânticos,0.88,88.0,,,
2019-08-28,2019,8,240,,Alto Tâmega e Terra de Trás-os-Montes,Bragança,Esteva,Matos mediterrânicos,0.94,94.0,,,
2019-08-28,2019,8,240,,"Aveiro, Viseu e Dão Lafões",Castro d'Aire,Urze,Matos atlânticos,0.85,85.0,,,
2019-08-28,2019,8,240,,"Aveiro, Viseu e Dão Lafões",Castro d'Aire,Carqueja,Matos atlânticos,0.82,82.0,,,
2019-08-28,2019,8,240,,Douro,Vila Real,Urze,Matos atlânticos,0.91,91.0,,,
2019-08-28,2019,8,240,,Douro,Vila Real,Carqueja,Matos atlânticos,0.81,81.0,,,
2019-08-29,2019,8,241,,Médio Tejo e Lezíria do tejo,Santarém,Tojo,Matos atlânticos,0.85,85.0,,,
2019-08-29,2019,8,241,,Médio Tejo e Lezíria do tejo,Santarém,P. bravo,Pinhais,1.36,136.0,,,
2019-09-02,2019,9,245,,"Beira Baixa, Beiras e Serra da Estrela",Castelo Branco,Esteva,Matos mediterrânicos,0.73,73.0,,,
2019-09-02,2019,9,245,,"Beira Baixa, Beiras e Serra da Estrela",Castelo Branco,P. bravo,Pinhais,1.19,119.0,,,
2019-09-04,2019,9,247,,Alto Tâmega e Terra de Trás-os-Montes,Bragança,Tojo,Matos atlânticos,0.74,74.0,,,
2019-09-04,2019,9,247,,Alto Tâmega e Terra de Trás-os-Montes,Bragança,Esteva,Matos mediterrânicos,0.84,84.0,,,
2019-09-05,2019,9,248,,Médio Tejo e Lezíria do tejo,Santarém,Tojo,Matos atlânticos,0.83,83.0,,,
2019-09-05,2019,9,248,,Médio Tejo e Lezíria do tejo,Santarém,P. bravo,Pinhais,1.51,151.0,,,
2019-09-10,2019,9,253,,"Beira Baixa, Beiras e Serra da Estrela",Castelo Branco,Esteva,Matos mediterrânicos,0.67,67.0,,,
2019-09-10,2019,9,253,,"Beira Baixa, Beiras e Serra da Estrela",Castelo Branco,P. bravo,Pinhais,1.2,120.0,,,
2019-09-10,2019,9,253,,Alto Minho e Cávado,Ponte de Lima,Tojo,Matos atlânticos,1.34,134.0,,,
2019-09-10,2019,9,253,,Alto Minho e Cávado,Ponte de Lima,Giesta,Giestais,1.36,136.0,,,
2019-09-11,2019,9,254,,Alto Tâmega e Terra de Trás-os-Montes,Bragança,Tojo,Matos atlânticos,0.63,63.0,,,
2019-09-11,2019,9,254,,Alto Tâmega e Terra de Trás-os-Montes,Bragança,Esteva,Matos mediterrânicos,0.86,86.0,,,
2019-09-11,2019,9,254,,Douro,Vila Real,Urze,Matos atlânticos,0.86,86.0,,,
2019-09-11,2019,9,254,,Douro,Vila Real,Carqueja,Matos atlânticos,0.67,67.0,,,
2019-09-23,2019,9,266,,"Beira Baixa, Beiras e Serra da Estrela",Castelo Branco,Esteva,Matos mediterrânicos,0.85,85.0,,,
2019-09-23,2019,9,266,,"Beira Baixa, Beiras e Serra da Estrela",Castelo Branco,P. bravo,Pinhais,1.25,125.0,,,
2019-09-23,2019,9,266,,"Aveiro, Viseu e Dão Lafões",Castro d'Aire,Urze,Matos atlânticos,0.82,82.0,,,
2019-09-23,2019,9,266,,"Aveiro, Viseu e Dão Lafões",Castro d'Aire,Carqueja,Matos atlânticos,0.8,80.0,,,
2019-09-25,2019,9,268,,Alto Tâmega e Terra de Trás-os-Montes,Bragança,Tojo,Matos atlânticos,0.75,75.0,,,
2019-09-25,2019,9,268,,Alto Tâmega e Terra de Trás-os-Montes,Bragança,Esteva,Matos mediterrânicos,1.07,107.0,,,
2019-09-25,2019,9,268,,Douro,Vila Real,Urze,Matos atlânticos,0.92,92.0,,,
2019-09-25,2019,9,268,,Douro,Vila Real,Carqueja,Matos atlânticos,0.87,87.0,,,
2019-10-08,2019,10,281,,Douro,Vila Real,Urze,Matos atlânticos,0.79,79.0,,,
2019-10-08,2019,10,281,,Douro,Vila Real,Carqueja,Matos atlânticos,0.75,75.0,,,
2019-10-09,2019,10,282,,"Beira Baixa, Beiras e Serra da Estrela",Castelo Branco,Esteva,Matos mediterrânicos,0.78,78.0,,,
2019-10-09,2019,10,282,,"Beira Baixa, Beiras e Serra da Estrela",Castelo Branco,P. bravo,Pinhais,1.27,127.0,,,
2019-10-22,2019,10,295,,"Beira Baixa, Beiras e Serra da Estrela",Castelo Branco,Esteva,Matos mediterrânicos,0.95,95.0,,,
2019-10-22,2019,10,295,,"Beira Baixa, Beiras e Serra da Estrela",Castelo Branco,P. bravo,Pinhais,1.19,119.0,,,
2019-10-25,2019,10,298,,Douro,Vila Real,Urze,Matos atlânticos,0.84,84.0,,,
2019-10-25,2019,10,298,,Douro,Vila Real,Carqueja,Matos atlânticos,0.95,95.0,,,
2019-11-13,2019,11,317,,"Beira Baixa, Beiras e Serra da Estrela",Castelo Branco,Esteva,Matos mediterrânicos,1.14,114.0,,,
2019-11-13,2019,11,317,,"Beira Baixa, Beiras e Serra da Estrela",Castelo Branco,P. bravo,Pinhais,1.24,124.0,,,
2020-02-18,2020,2,49,14:45,"Beira Baixa, Beiras e Serra da Estrela",Olelas,Esteva,Matos mediterrânicos,1.4,140.0,14.4,49.0,
2020-02-18,2020,2,49,15:15,"Beira Baixa, Beiras e Serra da Estrela",Zona industrial,P. bravo,Pinhais,1.21,121.0,14.4,49.0,
2020-02-26,2020,2,57,14:48,Douro,Lamares - Vila Real,Carqueja,Matos atlânticos,1.14,114.0,10.9,57.0,
2020-02-26,2020,2,57,15:03,Douro,Lamares - Vila Real,Urze,Matos atlânticos,0.86,86.0,10.9,57.0,
2020-03-10,2020,3,70,14:45,"Beira Baixa, Beiras e Serra da Estrela",Olelas,Esteva,Matos mediterrânicos,1.5,150.0,21.8,38.0,
2020-03-10,2020,3,70,14:45,"Beira Baixa, Beiras e Serra da Estrela",Olelas,Urze,Matos atlânticos,1.13,113.0,21.8,38.0,
2020-03-10,2020,3,70,14:30,"Beira Baixa, Beiras e Serra da Estrela",Zona industrial,P. bravo,Pinhais,1.06,106.0,21.8,38.0,
2020-05-25,2020,5,146,14:26,Douro,Lamares - Vila Real,Carqueja,Matos atlânticos,1.7,170.0,27.9,32.7,
2020-05-25,2020,5,146,14:26,Douro,Lamares - Vila Real,Urze,Matos atlânticos,1.57,157.0,27.9,32.7,
2020-05-25,2020,5,146,14:26,Douro,Lamares - Vila Real,Herbáceas,Herbáceas,1.61,161.0,27.9,32.7,
2020-05-25,2020,5,146,14:45,"Beira Baixa, Beiras e Serra da Estrela",Olelas,Esteva,Matos mediterrânicos,1.33,133.0,29.5,43.0,
2020-05-25,2020,5,146,14:45,"Beira Baixa, Beiras e Serra da Estrela",Olelas,Urze,Matos atlânticos,0.97,97.0,29.5,43.0,
2020-05-25,2020,5,146,14:30,"Beira Baixa, Beiras e Serra da Estrela",Zona industrial,P. bravo,Pinhais,1.44,144.0,29.5,43.0,
2020-06-06,2020,6,158,14:15,Médio Tejo e Lezíria do tejo,Santarém,Tojo,Matos atlânticos,1.05,105.0,35.1,38.0,
2020-06-06,2020,6,158,14:15,Médio Tejo e Lezíria do tejo,Santarém,P. bravo,Pinhais,1.49,149.0,35.1,37.7,
2020-06-06,2020,6,158,14:15,Médio Tejo e Lezíria do tejo,Santarém,Herbáceas,Herbáceas,0.27,27.0,35.1,38.0,
2020-06-08,2020,6,160,14:45,"Beira Baixa, Beiras e Serra da Estrela",Olelas,Esteva,Matos mediterrânicos,1.13,113.0,24.0,36.0,
2020-06-08,2020,6,160,14:45,"Beira Baixa, Beiras e Serra da Estrela",Olelas,Urze,Matos atlânticos,0.8,80.0,24.0,36.0,
2020-06-08,2020,6,160,14:30,"Beira Baixa, Beiras e Serra da Estrela",Zona industrial,P. bravo,Pinhais,1.3,130.0,24.0,36.0,
2020-06-18,2020,6,170,15:00,Alto Tâmega e Terra de Trás-os-Montes,Capeludos - Vila Pouca de Aguiar,Carqueja,Matos atlânticos,0.96,96.0,25.7,39.0,
2020-06-18,2020,6,170,15:00,Alto Tâmega e Terra de Trás-os-Montes,Capeludos - Vila Pouca de Aguiar,Urze,Matos atlânticos,0.86,86.0,25.7,39.0,
2020-06-18,2020,6,170,15:00,Alto Tâmega e Terra de Trás-os-Montes,Capeludos - Vila Pouca de Aguiar,P. bravo,Pinhais,1.79,179.0,25.7,39.0,
2020-06-18,2020,6,170,15:00,Alto Tâmega e Terra de Trás-os-Montes,Capeludos - Vila Pouca de Aguiar,Giesta,Giestais,1.72,172.0,25.7,39.0,
2020-06-18,2020,6,170,14:35,Douro,Lamares - Vila Real,Carqueja,Matos atlânticos,1.62,162.0,22.7,45.4,
2020-06-18,2020,6,170,14:35,Douro,Lamares - Vila Real,Urze,Matos atlânticos,1.33,133.0,22.7,45.4,
2020-06-18,2020,6,170,14:35,Douro,Lamares - Vila Real,Herbáceas,Herbáceas,1.18,118.0,22.7,45.4,
2020-06-18,2020,6,170,14:25,Alto Tâmega e Terra de Trás-os-Montes,Oleirinhos - Bragança,Esteva,Matos mediterrânicos,1.19,119.0,24.0,31.0,
2020-06-18,2020,6,170,14:25,Alto Tâmega e Terra de Trás-os-Montes,Oleirinhos - Bragança,Tojo,Matos atlânticos,1.67,167.0,24.0,31.0,
2020-06-22,2020,6,174,,Algarve,Faro,Esteva,Matos mediterrânicos,0.561,56.1,,,
2020-06-23,2020,6,175,14:00,Alto Minho e Cávado,Vile - Caminha,Carqueja,Matos atlânticos,1.02,102.0,28.2,47.0,
2020-06-23,2020,6,175,14:00,Alto Minho e Cávado,Vile - Caminha,Herbáceas,Herbáceas,1.26,126.0,28.2,47.0,
2020-06-23,2020,6,175,14:00,Alto Minho e Cávado,Vile - Caminha,Urze,Matos atlânticos,0.88,88.0,28.2,47.0,
2020-06-24,2020,6,176,15:00,Alto Minho e Cávado,Vile - Caminha,Tojo,Matos atlânticos,1.47,147.0,28.2,47.0,
2020-06-24,2020,6,176,14:15,"Beira Baixa, Beiras e Serra da Estrela",Zona industrial,P. bravo,Pinhais,1.24,124.0,31.0,38.0,
2020-06-24,2020,6,176,14:45,"Beira Baixa, Beiras e Serra da Estrela",Olelas,Esteva,Matos mediterrânicos,0.99,99.0,31.0,38.0,
2020-06-24,2020,6,176,14:45,"Beira Baixa, Beiras e Serra da Estrela",Olelas,Urze,Matos atlânticos,0.74,74.0,31.0,38.0,
2020-06-25,2020,6,177,15:00,"Aveiro, Viseu e Dão Lafões",Granja - Castro Daire,Carqueja,Matos atlânticos,1.038,103.8,27.5,42.0,
2020-06-25,2020,6,177,15:00,"Aveiro, Viseu e Dão Lafões",Granja - Castro Daire,Urze,Matos atlânticos,1.04,104.0,27.5,42.0,
2020-06-25,2020,6,177,12:00,"Aveiro, Viseu e Dão Lafões",Granja - Castro Daire,Herbáceas,Herbáceas,1.769,176.9,27.5,42.0,
2020-06-29,2020,6,181,14:30,Alto Tâmega e Terra de Trás-os-Montes,Capeludos - Vila Pouca de Aguiar,Carqueja,Matos atlânticos,0.96,96.0,,,
2020-06-29,2020,6,181,14:30,Alto Tâmega e Terra de Trás-os-Montes,Capeludos - Vila Pouca de Aguiar,Urze,Matos atlânticos,0.88,88.0,,,
2020-06-29,2020,6,181,14:30,Alto Tâmega e Terra de Trás-os-Montes,Capeludos - Vila Pouca de Aguiar,P. bravo,Pinhais,1.81,181.0,,,
2020-06-29,2020,6,181,14:15,Douro,Lamares - Vila Real,Carqueja,Matos atlânticos,1.3,130.0,32.1,26.0,
2020-06-29,2020,6,181,14:15,Douro,Lamares - Vila Real,Urze,Matos atlânticos,1.11,111.0,32.1,26.0,
2020-06-29,2020,6,181,14:15,Douro,Lamares - Vila Real,Herbáceas,Herbáceas,1.02,102.0,32.1,26.0,
2020-06-29,2020,6,181,14:00,"Alto Alentejo, Alentejo Central e Baixo Alentejo",Penha - Portalegre,Esteva,Matos mediterrânicos,0.9677,96.77,34.3,22.0,
2020-06-29,2020,6,181,14:05,"Alto Alentejo, Alentejo Central e Baixo Alentejo",Penha - Portalegre,Giesta,Giestais,0.9375,93.75,34.3,22.0,
2020-06-30,2020,6,182,13:00,AML e Alentejo Litoral,Arrábida - Setúbal,Esteva,Matos mediterrânicos,1.124,112.4,,,
2020-06-30,2020,6,182,13:30,AML e Alentejo Litoral,Arrábida - Setúbal,Carrasco,Matos mediterrânicos,1.644,164.4,,,
2020-06-30,2020,6,182,,"Aveiro, Viseu e Dão Lafões",Viseu,Urze,Matos atlânticos,1.197,119.7,,,
2020-06-30,2020,6,182,,"Aveiro, Viseu e Dão Lafões",Viseu,Tojo,Matos atlânticos,1.16,116.0,,,
2020-06-30,2020,6,182,,"Aveiro, Viseu e Dão Lafões",Viseu,Eucalipto,Outro,1.635,163.5,,,
2020-06-30,2020,6,182,,"Aveiro, Viseu e Dão Lafões",Viseu,P. bravo,Pinhais,1.628,162.8,,,
2020-06-30,2020,6,182,12:30,AML e Alentejo Litoral,Ouressa - Sintra,Urze,Matos atlânticos,1.1354,113.54,,,
2020-06-30,2020,6,182,12:30,AML e Alentejo Litoral,Ouressa - Sintra,Tojo,Matos atlânticos,1.587,158.7,,,
2020-07-01,2020,7,183,,"Aveiro, Viseu e Dão Lafões",Viseu,Urze,Matos atlânticos,1.207,120.7,,,
2020-07-01,2020,7,183,,"Aveiro, Viseu e Dão Lafões",Viseu,Tojo,Matos atlânticos,1.384,138.4,,,
2020-07-01,2020,7,183,,"Aveiro, Viseu e Dão Lafões",Viseu,Eucalipto,Outro,1.696,169.6,,,
2020-07-01,2020,7,183,,"Aveiro, Viseu e Dão Lafões",Viseu,P. bravo,Pinhais,1.755,175.5,,,
2020-07-01,2020,7,183,14:20,Alto Tâmega e Terra de Trás-os-Montes,Oleirinhos - Bragança,Esteva,Matos mediterrânicos,1.07,107.0,28.0,37.0,
2020-07-01,2020,7,183,14:20,Alto Tâmega e Terra de Trás-os-Montes,Oleirinhos - Bragança,Tojo,Matos atlânticos,1.23,123.0,28.0,37.0,
2020-07-02,2020,7,184,,"Aveiro, Viseu e Dão Lafões",Viseu,Urze,Matos atlânticos,0.98,98.0,,,
2020-07-02,2020,7,184,,"Aveiro, Viseu e Dão Lafões",Viseu,Tojo,Matos atlânticos,1.61,161.0,,,
2020-07-02,2020,7,184,,"Aveiro, Viseu e Dão Lafões",Viseu,Eucalipto,Outro,1.61,161.0,,,
2020-07-02,2020,7,184,,"Aveiro, Viseu e Dão Lafões",Viseu,P. bravo,Pinhais,1.62,162.0,,,
2020-07-03,2020,7,185,,Algarve,Faro,Esteva,Matos mediterrânicos,0.492,49.2,,,
2020-07-03,2020,7,185,,"Aveiro, Viseu e Dão Lafões",Viseu,Urze,Matos atlânticos,1.07,107.0,,,
2020-07-03,2020,7,185,,"Aveiro, Viseu e Dão Lafões",Viseu,Tojo,Matos atlânticos,1.47,147.0,,,
2020-07-03,2020,7,185,,"Aveiro, Viseu e Dão Lafões",Viseu,Eucalipto,Outro,1.64,164.0,,,
2020-07-03,2020,7,185,,"Aveiro, Viseu e Dão Lafões",Viseu,P. bravo,Pinhais,1.57,157.0,,,
2020-07-06,2020,7,188,13:17,AML e Alentejo Litoral,Arrábida - Setúbal,Esteva,Matos mediterrânicos,0.7759,77.59,,,
2020-07-06,2020,7,188,13:19,AML e Alentejo Litoral,Arrábida - Setúbal,Carrasco,Matos mediterrânicos,0.9976,99.76,,,
2020-07-06,2020,7,188,,"Aveiro, Viseu e Dão Lafões",Viseu,Urze,Matos atlânticos,1.24,124.0,,,
2020-07-06,2020,7,188,,"Aveiro, Viseu e Dão Lafões",Viseu,Tojo,Matos atlânticos,1.185,118.5,,,
2020-07-06,2020,7,188,,"Aveiro, Viseu e Dão Lafões",Viseu,Eucalipto,Outro,1.85,185.0,,,
2020-07-06,2020,7,188,,"Aveiro, Viseu e Dão Lafões",Viseu,P. bravo,Pinhais,1.34,134.0,,,
2020-07-06,2020,7,188,,"Aveiro, Viseu e Dão Lafões",Viseu,Urze,Matos atlânticos,1.242,124.2,,,
2020-07-06,2020,7,188,14:30,"Aveiro, Viseu e Dão Lafões",Granja - Castro Daire,Carqueja,Matos atlânticos,0.967,96.7,40.0,18.7,
2020-07-06,2020,7,188,14:30,"Aveiro, Viseu e Dão Lafões",Granja - Castro Daire,Urze,Matos atlânticos,0.91,91.0,40.0,18.7,
2020-07-06,2020,7,188,14:30,"Aveiro, Viseu e Dão Lafões",Granja - Castro Daire,Herbáceas,Herbáceas,0.61,61.0,40.0,18.7,
2020-07-06,2020,7,188,14:17,Douro,Lamares - Vila Real,Carqueja,Matos atlânticos,1.3,130.0,32.2,37.4,
2020-07-06,2020,7,188,14:17,Douro,Lamares - Vila Real,Urze,Matos atlânticos,1.11,111.0,32.2,37.4,
2020-07-06,2020,7,188,14:17,Douro,Lamares - Vila Real,Herbáceas,Herbáceas,0.58,58.0,32.2,37.4,
2020-07-06,2020,7,188,14:29,AML e Alentejo Litoral,Ouressa - Sintra,Urze,Matos atlânticos,0.9368,93.68,,,
2020-07-06,2020,7,188,14:30,AML e Alentejo Litoral,Ouressa - Sintra,Tojo,Matos atlânticos,0.983,98.3,,,
2020-07-06,2020,7,188,14:05,"Alto Alentejo, Alentejo Central e Baixo Alentejo",Penha - Portalegre,Esteva,Matos mediterrânicos,0.9014,90.14,38.6,12.4,
2020-07-06,2020,7,188,14:10,"Alto Alentejo, Alentejo Central e Baixo Alentejo",Penha - Portalegre,Giesta,Giestais,0.9119,91.19,38.6,12.4,
2020-07-07,2020,7,189,,"Aveiro, Viseu e Dão Lafões",Viseu,Urze,Matos atlânticos,1.23,123.0,,,
2020-07-07,2020,7,189,,"Aveiro, Viseu e Dão Lafões",Viseu,Tojo,Matos atlânticos,1.08,108.0,,,
2020-07-07,2020,7,189,,"Aveiro, Viseu e Dão Lafões",Viseu,Eucalipto,Outro,1.595,159.5,,,
2020-07-07,2020,7,189,,"Aveiro, Viseu e Dão Lafões",Viseu,P. bravo,Pinhais,1.187,118.7,,,
2020-07-07,2020,7,189,,"Aveiro, Viseu e Dão Lafões",Viseu,P. bravo,Pinhais,1.187,118.7,,,
2020-07-07,2020,7,189,14:10,Alto Tâmega e Terra de Trás-os-Montes,Capeludos - Vila Pouca de Aguiar,Carqueja,Matos atlânticos,0.77,77.0,32.6,28.0,
2020-07-07,2020,7,189,14:10,Alto Tâmega e Terra de Trás-os-Montes,Capeludos - Vila Pouca de Aguiar,Urze,Matos atlânticos,0.86,86.0,32.6,28.0,
2020-07-07,2020,7,189,14:10,Alto Tâmega e Terra de Trás-os-Montes,Capeludos - Vila Pouca de Aguiar,P. bravo,Pinhais,1.38,138.0,32.6,28.0,
2020-07-07,2020,7,189,14:30,Alto Tâmega e Terra de Trás-os-Montes,Oleirinhos - Bragança,Esteva,Matos mediterrânicos,1.0,100.0,,,
2020-07-07,2020,7,189,14:30,Alto Tâmega e Terra de Trás-os-Montes,Oleirinhos - Bragança,Tojo,Matos atlânticos,1.2,120.0,,,
2020-07-08,2020,7,190,,"Aveiro, Viseu e Dão Lafões",Viseu,Urze,Matos atlânticos,0.93,93.0,,,
2020-07-08,2020,7,190,,"Aveiro, Viseu e Dão Lafões",Viseu,Tojo,Matos atlânticos,1.375,137.5,,,
2020-07-08,2020,7,190,,"Aveiro, Viseu e Dão Lafões",Viseu,Eucalipto,Outro,1.87,187.0,,,
2020-07-08,2020,7,190,,"Aveiro, Viseu e Dão Lafões",Viseu,P. bravo,Pinhais,1.27,127.0,,,
2020-07-08,2020,7,190,14:00,Tâmega e Sousa e Ave,Felgueira - Vale de Cambra,Carqueja,Matos atlânticos,1.14,114.0,23.2,64.6,
2020-07-08,2020,7,190,14:00,Tâmega e Sousa e Ave,Felgueira - Vale de Cambra,Urze,Matos atlânticos,1.204,120.4,23.2,64.6,
2020-07-08,2020,7,190,14:00,Tâmega e Sousa e Ave,Felgueira - Vale de Cambra,Tojo,Matos atlânticos,1.882,188.2,23.2,64.6,
2020-07-08,2020,7,190,14:00,Tâmega e Sousa e Ave,Felgueira - Vale de Cambra,Herbáceas,Herbáceas,0.893,89.3,23.2,64.6,
2020-07-08,2020,7,190,14:00,Tâmega e Sousa e Ave,Felgueira - Vale de Cambra,Carqueja,Matos atlânticos,1.14,114.0,23.2,64.6,
2020-07-08,2020,7,190,14:00,Tâmega e Sousa e Ave,Felgueira - Vale de Cambra,Urze,Matos atlânticos,1.2,120.0,23.2,64.6,
2020-07-08,2020,7,190,14:00,Tâmega e Sousa e Ave,Felgueira - Vale de Cambra,Tojo,Matos atlânticos,1.88,188.0,23.2,64.6,
2020-07-08,2020,7,190,14:00,Tâmega e Sousa e Ave,Felgueira - Vale de Cambra,Herbáceas,Herbáceas,0.89,89.0,23.2,64.6,
2020-07-08,2020,7,190,14:00,Alto Minho e Cávado,Vile - Caminha,Carqueja,Matos atlânticos,0.85,85.0,27.1,54.0,
2020-07-08,2020,7,190,14:00,Alto Minho e Cávado,Vile - Caminha,Herbáceas,Herbáceas,0.75,75.0,27.1,54.0,
2020-07-08,2020,7,190,14:00,Alto Minho e Cávado,Vile - Caminha,Urze,Matos atlânticos,0.91,91.0,27.1,54.0,
2020-07-08,2020,7,190,15:00,Alto Minho e Cávado,Vile - Caminha,Tojo,Matos atlânticos,1.39,139.0,27.1,54.0,
2020-07-08,2020,7,190,14:15,"Beira Baixa, Beiras e Serra da Estrela",Zona industrial,P. bravo,Pinhais,0.62,62.0,37.6,29.0,
2020-07-08,2020,7,190,14:45,"Beira Baixa, Beiras e Serra da Estrela",Olelas,Esteva,Matos mediterrânicos,0.74,74.0,34.9,24.0,
2020-07-08,2020,7,190,14:45,"Beira Baixa, Beiras e Serra da Estrela",Olelas,Urze,Matos atlânticos,0.49,49.0,34.9,24.0,
2020-07-09,2020,7,191,,"Aveiro, Viseu e Dão Lafões",Viseu,Urze,Matos atlânticos,1.18,118.0,,,
2020-07-09,2020,7,191,,"Aveiro, Viseu e Dão Lafões",Viseu,Tojo,Matos atlânticos,1.55,155.0,,,
2020-07-09,2020,7,191,,"Aveiro, Viseu e Dão Lafões",Viseu,Eucalipto,Outro,1.8,180.0,,,
2020-07-09,2020,7,191,,"Aveiro, Viseu e Dão Lafões",Viseu,P. bravo,Pinhais,1.49,149.0,,,
2020-07-10,2020,7,192,,"Aveiro, Viseu e Dão Lafões",Viseu,Urze,Matos atlânticos,0.93,93.0,,,
2020-07-10,2020,7,192,,"Aveiro, Viseu e Dão Lafões",Viseu,Tojo,Matos atlânticos,1.23,123.0,,,
2020-07-10,2020,7,192,,"Aveiro, Viseu e Dão Lafões",Viseu,Eucalipto,Outro,1.55,155.0,,,
2020-07-10,2020,7,192,,"Aveiro, Viseu e Dão Lafões",Viseu,P. bravo,Pinhais,1.71,171.0,,,
2020-07-13,2020,7,195,15:15,Alto Tâmega e Terra de Trás-os-Montes,Anelhe - Chaves,Urze,Matos atlânticos,0.93,93.0,34.7,30.0,
2020-07-13,2020,7,195,15:15,Alto Tâmega e Terra de Trás-os-Montes,Anelhe - Chaves,Carqueja,Matos atlânticos,0.89,89.0,34.7,30.0,
2020-07-13,2020,7,195,15:15,Alto Tâmega e Terra de Trás-os-Montes,Anelhe - Chaves,P. bravo,Pinhais,2.02,202.0,34.7,30.0,
2020-07-13,2020,7,195,12:30,AML e Alentejo Litoral,Arrábida - Setúbal,Carrasco,Matos mediterrânicos,0.2,20.0,,,
2020-07-13,2020,7,195,12:30,AML e Alentejo Litoral,Arrábida - Setúbal,Esteva,Matos mediterrânicos,0.856,85.6,,,
2020-07-13,2020,7,195,14:15,Alto Tâmega e Terra de Trás-os-Montes,Capeludos - Vila Pouca de Aguiar,Urze,Matos atlânticos,0.78,78.0,29.4,37.0,
2020-07-13,2020,7,195,14:15,Alto Tâmega e Terra de Trás-os-Montes,Capeludos - Vila Pouca de Aguiar,Carqueja,Matos atlânticos,0.74,74.0,29.4,37.0,
2020-07-13,2020,7,195,14:15,Alto Tâmega e Terra de Trás-os-Montes,Capeludos - Vila Pouca de Aguiar,P. bravo,Pinhais,1.53,153.0,29.4,37.0,
2020-07-13,2020,7,195,14:15,Médio Tejo e Lezíria do tejo,Chamusca,Esteva,Matos mediterrânicos,0.84,84.0,38.8,26.0,
2020-07-13,2020,7,195,14:15,Médio Tejo e Lezíria do tejo,Chamusca,Tojo,Matos atlânticos,0.94,94.0,38.8,26.0,
2020-07-13,2020,7,195,,Algarve,Faro,Esteva,Matos mediterrânicos,0.55,55.0,,,
2020-07-13,2020,7,195,,Alto Minho e Cávado,Ponte de Lima,P. bravo,Pinhais,1.804,180.4,,,
2020-07-13,2020,7,195,,Alto Minho e Cávado,Ponte de Lima,Eucalipto,Outro,1.61,161.0,,,
2020-07-13,2020,7,195,,Alto Minho e Cávado,Ponte de Lima,Urze,Matos atlânticos,1.049,104.9,,,
2020-07-13,2020,7,195,,Alto Minho e Cávado,Ponte de Lima,Tojo,Matos atlânticos,1.953,195.3,,,
2020-07-13,2020,7,195,,"Aveiro, Viseu e Dão Lafões",Viseu,P. bravo,Pinhais,1.33,133.0,,,
2020-07-13,2020,7,195,,"Aveiro, Viseu e Dão Lafões",Viseu,Eucalipto,Outro,1.64,164.0,,,
2020-07-13,2020,7,195,,"Aveiro, Viseu e Dão Lafões",Viseu,Urze,Matos atlânticos,1.06,106.0,,,
2020-07-13,2020,7,195,,"Aveiro, Viseu e Dão Lafões",Viseu,Tojo,Matos atlânticos,1.07,107.0,,,
2020-07-13,2020,7,195,14:30,Tâmega e Sousa e Ave,Felgueira - Vale de Cambra,Carqueja,Matos atlânticos,1.15,115.0,28.9,47.6,
2020-07-13,2020,7,195,14:30,Tâmega e Sousa e Ave,Felgueira - Vale de Cambra,Urze,Matos atlânticos,1.14,114.0,28.9,47.6,
2020-07-13,2020,7,195,14:30,Tâmega e Sousa e Ave,Felgueira - Vale de Cambra,Tojo,Matos atlânticos,1.31,131.0,28.9,47.6,
2020-07-13,2020,7,195,14:30,Tâmega e Sousa e Ave,Felgueira - Vale de Cambra,Herbáceas,Herbáceas,0.89,89.0,28.9,47.6,
2020-07-13,2020,7,195,14:25,"Aveiro, Viseu e Dão Lafões",Granja - Castro Daire,Carqueja,Matos atlânticos,0.91,91.0,31.5,34.7,
2020-07-13,2020,7,195,14:25,"Aveiro, Viseu e Dão Lafões",Granja - Castro Daire,Urze,Matos atlânticos,0.95,95.0,31.5,34.7,
2020-07-13,2020,7,195,14:25,"Aveiro, Viseu e Dão Lafões",Granja - Castro Daire,Herbáceas,Herbáceas,0.45,45.0,31.5,34.7,
2020-07-13,2020,7,195,14:36,Douro,Lamares - Vila Real,Carqueja,Matos atlânticos,0.88,88.0,31.6,38.3,
2020-07-13,2020,7,195,14:36,Douro,Lamares - Vila Real,Urze,Matos atlânticos,0.93,93.0,31.6,38.3,
2020-07-13,2020,7,195,14:36,Douro,Lamares - Vila Real,Herbáceas,Herbáceas,0.59,59.0,31.6,38.3,
2020-07-13,2020,7,195,14:00,AML e Alentejo Litoral,Ouressa - Sintra,Urze,Matos atlânticos,0.257,25.7,32.0,44.7,
2020-07-13,2020,7,195,14:00,AML e Alentejo Litoral,Ouressa - Sintra,Tojo,Matos atlânticos,1.184,118.4,32.0,44.7,
2020-07-13,2020,7,195,14:25,"Alto Alentejo, Alentejo Central e Baixo Alentejo",Penha - Portalegre,Esteva,Matos mediterrânicos,0.882,88.2,40.0,21.9,
2020-07-13,2020,7,195,14:25,"Alto Alentejo, Alentejo Central e Baixo Alentejo",Penha - Portalegre,Giesta,Giestais,1.039,103.9,40.0,21.9,
2020-07-13,2020,7,195,14:45,Médio Tejo e Lezíria do tejo,Santarém,Tojo,Matos atlânticos,0.89,89.0,39.5,27.1,
2020-07-13,2020,7,195,14:45,Médio Tejo e Lezíria do tejo,Santarém,P. bravo,Pinhais,1.75,175.0,39.5,27.0,
2020-07-14,2020,7,196,,"Aveiro, Viseu e Dão Lafões",Viseu,P. bravo,Pinhais,1.66,166.0,,,
2020-07-14,2020,7,196,,"Aveiro, Viseu e Dão Lafões",Viseu,Eucalipto,Outro,1.75,175.0,,,
2020-07-14,2020,7,196,,"Aveiro, Viseu e Dão Lafões",Viseu,Urze,Matos atlânticos,1.01,101.0,,,
2020-07-14,2020,7,196,,"Aveiro, Viseu e Dão Lafões",Viseu,Tojo,Matos atlânticos,1.27,127.0,,,
2020-07-15,2020,7,197,,"Aveiro, Viseu e Dão Lafões",Viseu,P. bravo,Pinhais,1.31,131.0,,,
2020-07-15,2020,7,197,,"Aveiro, Viseu e Dão Lafões",Viseu,Eucalipto,Outro,1.24,124.0,,,
2020-07-15,2020,7,197,,"Aveiro, Viseu e Dão Lafões",Viseu,Urze,Matos atlânticos,0.84,84.0,,,
2020-07-15,2020,7,197,,"Aveiro, Viseu e Dão Lafões",Viseu,Tojo,Matos atlânticos,1.39,139.0,,,
2020-07-15,2020,7,197,14:00,Alto Minho e Cávado,Vile - Caminha,Carqueja,Matos atlânticos,0.83,83.0,28.4,38.4,
2020-07-15,2020,7,197,14:00,Alto Minho e Cávado,Vile - Caminha,Herbáceas,Herbáceas,0.52,52.0,28.4,38.4,
2020-07-15,2020,7,197,14:00,Alto Minho e Cávado,Vile - Caminha,Urze,Matos atlânticos,0.74,74.0,28.4,38.0,
2020-07-15,2020,7,197,14:00,Alto Minho e Cávado,Vile - Caminha,Tojo,Matos atlânticos,1.36,136.0,28.4,38.0,
2020-07-16,2020,7,198,,"Aveiro, Viseu e Dão Lafões",Viseu,P. bravo,Pinhais,1.72,172.0,,,
2020-07-16,2020,7,198,,"Aveiro, Viseu e Dão Lafões",Viseu,Eucalipto,Outro,1.69,169.0,,,
2020-07-16,2020,7,198,,"Aveiro, Viseu e Dão Lafões",Viseu,Urze,Matos atlânticos,0.98,98.0,,,
2020-07-16,2020,7,198,,"Aveiro, Viseu e Dão Lafões",Viseu,Tojo,Matos atlânticos,1.41,141.0,,,
2020-07-16,2020,7,198,14:20,Alto Tâmega e Terra de Trás-os-Montes,Oleirinhos - Bragança,Esteva,Matos mediterrânicos,1.24,124.0,33.1,27.1,
2020-07-16,2020,7,198,14:20,Alto Tâmega e Terra de Trás-os-Montes,Oleirinhos - Bragança,Tojo,Matos atlânticos,1.22,122.0,33.1,27.1,
2020-07-17,2020,7,199,,"Aveiro, Viseu e Dão Lafões",Viseu,P. bravo,Pinhais,1.46,146.0,,,
2020-07-17,2020,7,199,,"Aveiro, Viseu e Dão Lafões",Viseu,Eucalipto,Outro,1.27,127.0,,,
2020-07-17,2020,7,199,,"Aveiro, Viseu e Dão Lafões",Viseu,Urze,Matos atlânticos,1.17,117.0,,,
2020-07-17,2020,7,199,,"Aveiro, Viseu e Dão Lafões",Viseu,Tojo,Matos atlânticos,1.35,135.0,,,
2020-07-20,2020,7,202,14:27,Alto Tâmega e Terra de Trás-os-Montes,Anelhe - Chaves,Urze,Matos atlânticos,0.93,93.0,32.9,28.0,
2020-07-20,2020,7,202,14:27,Alto Tâmega e Terra de Trás-os-Montes,Anelhe - Chaves,Carqueja,Matos atlânticos,0.84,84.0,32.9,28.0,
2020-07-20,2020,7,202,14:27,Alto Tâmega e Terra de Trás-os-Montes,Anelhe - Chaves,P. bravo,Pinhais,1.9,190.0,32.9,28.0,
2020-07-20,2020,7,202,13:50,AML e Alentejo Litoral,Arrábida - Setúbal,Carrasco,Matos mediterrânicos,0.2097,20.97,33.0,40.0,
2020-07-20,2020,7,202,13:50,AML e Alentejo Litoral,Arrábida - Setúbal,Esteva,Matos mediterrânicos,0.802,80.2,33.0,40.0,
2020-07-20,2020,7,202,14:00,Médio Tejo e Lezíria do tejo,Chamusca,Esteva,Matos mediterrânicos,0.86,86.0,33.3,28.5,
2020-07-20,2020,7,202,14:oo,Médio Tejo e Lezíria do tejo,Chamusca,Tojo,Matos atlânticos,0.84,84.0,33.3,28.5,
2020-07-20,2020,7,202,,Algarve,Faro,Esteva,Matos mediterrânicos,0.468,46.8,,,
2020-07-20,2020,7,202,14:00,Tâmega e Sousa e Ave,Felgueira - Vale de Cambra,Carqueja,Matos atlânticos,0.948,94.8,26.7,38.9,
2020-07-20,2020,7,202,14:00,Tâmega e Sousa e Ave,Felgueira - Vale de Cambra,Urze,Matos atlânticos,0.864,86.4,26.7,38.9,
2020-07-20,2020,7,202,14:00,Tâmega e Sousa e Ave,Felgueira - Vale de Cambra,Tojo,Matos atlânticos,1.118,111.8,26.7,38.9,
2020-07-20,2020,7,202,14:00,Tâmega e Sousa e Ave,Felgueira - Vale de Cambra,Herbáceas,Herbáceas,0.66,66.0,26.7,38.9,
2020-07-20,2020,7,202,,"Aveiro, Viseu e Dão Lafões",,Urze,Matos atlânticos,1.04,104.0,,,local_em_falta
2020-07-20,2020,7,202,,"Aveiro, Viseu e Dão Lafões",,Tojo,Matos atlânticos,1.17,117.0,,,local_em_falta
2020-07-20,2020,7,202,14:45,"Aveiro, Viseu e Dão Lafões",Granja - Castro Daire,Carqueja,Matos atlânticos,0.901,90.1,36.6,19.0,
2020-07-20,2020,7,202,14:45,"Aveiro, Viseu e Dão Lafões",Granja - Castro Daire,Urze,Matos atlânticos,0.992,99.2,36.6,19.0,
2020-07-20,2020,7,202,14:45,"Aveiro, Viseu e Dão Lafões",Granja - Castro Daire,Herbáceas,Herbáceas,0.556,55.6,36.6,19.0,
2020-07-20,2020,7,202,14:20,Douro,Lamares - Vila Real,Carqueja,Matos atlânticos,1.04,104.0,36.2,27.6,
2020-07-20,2020,7,202,14:20,Douro,Lamares - Vila Real,Urze,Matos atlânticos,1.15,115.0,36.2,27.6,
2020-07-20,2020,7,202,14:20,Douro,Lamares - Vila Real,Herbáceas,Herbáceas,0.49,49.0,36.2,27.6,
2020-07-20,2020,7,202,15:00,AML e Alentejo Litoral,Ouressa - Sintra,Urze,Matos atlânticos,0.2413,24.13,29.4,43.7,
2020-07-20,2020,7,202,15:00,AML e Alentejo Litoral,Ouressa - Sintra,Tojo,Matos atlânticos,1.19,119.0,29.4,43.7,
2020-07-20,2020,7,202,14:10,"Alto Alentejo, Alentejo Central e Baixo Alentejo",Penha - Portalegre,Esteva,Matos mediterrânicos,0.809,80.9,38.3,18.0,
2020-07-20,2020,7,202,14:10,"Alto Alentejo, Alentejo Central e Baixo Alentejo",Penha - Portalegre,Giesta,Giestais,0.841,84.1,38.3,18.0,
2020-07-20,2020,7,202,14:30,Médio Tejo e Lezíria do tejo,Santarém,Tojo,Matos atlânticos,0.86,86.0,34.0,33.6,
2020-07-20,2020,7,202,14:30,Médio Tejo e Lezíria do tejo,Santarém,P. bravo,Pinhais,1.63,163.0,34.0,33.6,
2020-07-21,2020,7,203,,"Aveiro, Viseu e Dão Lafões",Viseu,Urze,Matos atlânticos,0.58,58.0,,,
2020-07-21,2020,7,203,,"Aveiro, Viseu e Dão Lafões",Viseu,Tojo,Matos atlânticos,1.13,113.0,,,
2020-07-21,2020,7,203,,"Aveiro, Viseu e Dão Lafões",Viseu,P. bravo,Pinhais,1.314,131.4,,,
2020-07-21,2020,7,203,,"Aveiro, Viseu e Dão Lafões",Viseu,Eucalipto,Outro,1.4,140.0,,,
2020-07-21,2020,7,203,14:00,Alto Minho e Cávado,Vile - Caminha,Carqueja,Matos atlânticos,0.79,79.0,32.0,41.0,
2020-07-21,2020,7,203,14:00,Alto Minho e Cávado,Vile - Caminha,Herbáceas,Herbáceas,0.41,41.0,32.0,41.0,
2020-07-21,2020,7,203,14:00,Alto Minho e Cávado,Vile - Caminha,Urze,Matos atlânticos,0.74,74.0,32.0,41.0,
2020-07-21,2020,7,203,14:00,Alto Minho e Cávado,Vile - Caminha,Tojo,Matos atlânticos,1.48,148.0,32.0,41.0,
2020-07-22,2020,7,204,14:52,Alto Tâmega e Terra de Trás-os-Montes,França - Bragança,Esteva,Matos mediterrânicos,0.85,85.0,33.5,28.6,
2020-07-22,2020,7,204,14:52,Alto Tâmega e Terra de Trás-os-Montes,França - Bragança,Tojo,Matos atlânticos,0.78,78.0,33.5,28.6,
2020-07-22,2020,7,204,,Algarve,Faro,Esteva,Matos mediterrânicos,0.527,52.7,,,
2020-07-22,2020,7,204,,"Aveiro, Viseu e Dão Lafões",Viseu,Urze,Matos atlânticos,1.034,103.4,,,
2020-07-22,2020,7,204,,"Aveiro, Viseu e Dão Lafões",Viseu,Tojo,Matos atlânticos,1.23,123.0,,,
2020-07-22,2020,7,204,,"Aveiro, Viseu e Dão Lafões",Viseu,P. bravo,Pinhais,1.38,138.0,,,
2020-07-22,2020,7,204,,"Aveiro, Viseu e Dão Lafões",Viseu,Eucalipto,Outro,1.68,168.0,,,
2020-07-23,2020,7,205,,Alto Minho e Cávado,Ponte de Lima,P. bravo,Pinhais,1.732,173.2,,,
2020-07-23,2020,7,205,,Alto Minho e Cávado,Ponte de Lima,Eucalipto,Outro,1.372,137.2,,,
2020-07-23,2020,7,205,,Alto Minho e Cávado,Ponte de Lima,Urze,Matos atlânticos,0.978,97.8,,,
2020-07-23,2020,7,205,,Alto Minho e Cávado,Ponte de Lima,Tojo,Matos atlânticos,1.678,167.8,,,
2020-07-23,2020,7,205,,"Aveiro, Viseu e Dão Lafões",Viseu,Urze,Matos atlânticos,0.76,76.0,,,
2020-07-23,2020,7,205,,"Aveiro, Viseu e Dão Lafões",Viseu,Tojo,Matos atlânticos,1.3,130.0,,,
2020-07-23,2020,7,205,,"Aveiro, Viseu e Dão Lafões",Viseu,P. bravo,Pinhais,1.49,149.0,,,
2020-07-23,2020,7,205,,"Aveiro, Viseu e Dão Lafões",Viseu,Eucalipto,Outro,1.51,151.0,,,
2020-07-24,2020,7,206,,"Aveiro, Viseu e Dão Lafões",Viseu,Urze,Matos atlânticos,0.88,88.0,,,
2020-07-24,2020,7,206,,"Aveiro, Viseu e Dão Lafões",Viseu,Tojo,Matos atlânticos,1.36,136.0,,,
2020-07-24,2020,7,206,,"Aveiro, Viseu e Dão Lafões",Viseu,P. bravo,Pinhais,1.29,129.0,,,
2020-07-24,2020,7,206,,"Aveiro, Viseu e Dão Lafões",Viseu,Eucalipto,Outro,1.36,136.0,,,
2020-07-27,2020,7,209,14h00,Alto Tâmega e Terra de Trás-os-Montes,Anelhe - Chaves,Urze,Matos atlânticos,0.91,91.0,33.3,25.8,
2020-07-27,2020,7,209,14h00,Alto Tâmega e Terra de Trás-os-Montes,Anelhe - Chaves,Carqueja,Matos atlânticos,0.77,77.0,33.3,25.8,
2020-07-27,2020,7,209,14h00,Alto Tâmega e Terra de Trás-os-Montes,Anelhe - Chaves,P. bravo,Pinhais,1.85,185.0,33.3,25.8,
2020-07-27,2020,7,209,14:30,AML e Alentejo Litoral,Arrábida - Setúbal,Esteva,Matos mediterrânicos,0.679,67.9,31.6,43.2,
2020-07-27,2020,7,209,14:30,AML e Alentejo Litoral,Arrábida - Setúbal,Carrasco,Matos mediterrânicos,0.8448,84.48,31.6,43.2,
2020-07-27,2020,7,209,,"Aveiro, Viseu e Dão Lafões",,Urze,Matos atlânticos,0.93,93.0,,,local_em_falta
2020-07-27,2020,7,209,,"Aveiro, Viseu e Dão Lafões",,Tojo,Matos atlânticos,1.17,117.0,,,local_em_falta
2020-07-27,2020,7,209,,"Aveiro, Viseu e Dão Lafões",,P. bravo,Pinhais,1.31,131.0,,,local_em_falta
2020-07-27,2020,7,209,,"Aveiro, Viseu e Dão Lafões",,Eucalipto,Outro,1.48,148.0,,,local_em_falta
2020-07-27,2020,7,209,14:30,Douro,Lamares - Vila Real,Carqueja,Matos atlânticos,0.96,96.0,36.2,22.0,
2020-07-27,2020,7,209,14:30,Douro,Lamares - Vila Real,Urze,Matos atlânticos,1.06,106.0,36.2,22.0,
2020-07-27,2020,7,209,14:30,Douro,Lamares - Vila Real,Herbáceas,Herbáceas,0.37,37.0,36.2,22.0,
2020-07-27,2020,7,209,14:47,AML e Alentejo Litoral,Monsanto - Lisboa,Carrasco,Matos mediterrânicos,0.823,82.3,31.0,,
2020-07-27,2020,7,209,14:20,"Alto Alentejo, Alentejo Central e Baixo Alentejo",Penha - Portalegre,Esteva,Matos mediterrânicos,0.823,82.3,36.5,29.0,
2020-07-27,2020,7,209,14:20,"Alto Alentejo, Alentejo Central e Baixo Alentejo",Penha - Portalegre,Giesta,Giestais,0.918,91.8,36.5,29.0,
2020-07-28,2020,7,210,15:20,Médio Tejo e Lezíria do tejo,Chamusca,Esteva,Matos mediterrânicos,0.81,81.0,33.3,28.5,
2020-07-28,2020,7,210,15:20,Médio Tejo e Lezíria do tejo,Chamusca,Tojo,Matos atlânticos,0.87,87.0,35.0,34.0,
2020-07-28,2020,7,210,14:00,Tâmega e Sousa e Ave,Felgueira - Vale de Cambra,Carqueja,Matos atlânticos,1.01,101.0,22.9,68.7,
2020-07-28,2020,7,210,14:00,Tâmega e Sousa e Ave,Felgueira - Vale de Cambra,Urze,Matos atlânticos,0.75,75.0,22.9,68.7,
2020-07-28,2020,7,210,14:00,Tâmega e Sousa e Ave,Felgueira - Vale de Cambra,Tojo,Matos atlânticos,1.18,118.0,22.9,68.7,
2020-07-28,2020,7,210,14:00,Tâmega e Sousa e Ave,Felgueira - Vale de Cambra,Herbáceas,Herbáceas,0.53,53.0,22.9,68.7,
2020-07-28,2020,7,210,,"Aveiro, Viseu e Dão Lafões",,Urze,Matos atlânticos,0.9,90.0,,,local_em_falta
2020-07-28,2020,7,210,,"Aveiro, Viseu e Dão Lafões",,Tojo,Matos atlânticos,1.33,133.0,,,local_em_falta
2020-07-28,2020,7,210,,"Aveiro, Viseu e Dão Lafões",,P. bravo,Pinhais,1.64,164.0,,,local_em_falta
2020-07-28,2020,7,210,,"Aveiro, Viseu e Dão Lafões",,Eucalipto,Outro,1.67,167.0,,,local_em_falta
2020-07-28,2020,7,210,14:30,"Aveiro, Viseu e Dão Lafões",Granja - Castro Daire,Carqueja,Matos atlânticos,0.73,73.0,30.3,44.5,
2020-07-28,2020,7,210,14:30,"Aveiro, Viseu e Dão Lafões",Granja - Castro Daire,Urze,Matos atlânticos,0.68,68.0,30.3,45.0,
2020-07-28,2020,7,210,14:30,"Aveiro, Viseu e Dão Lafões",Granja - Castro Daire,Herbáceas,Herbáceas,0.5,50.0,30.3,44.5,
2020-07-28,2020,7,210,15:20,Médio Tejo e Lezíria do tejo,Santarém,Tojo,Matos atlânticos,0.87,87.0,35.0,34.0,
2020-07-28,2020,7,210,15:20,Médio Tejo e Lezíria do tejo,Santarém,P. bravo,Pinhais,1.63,163.0,35.0,34.0,
2020-07-28,2020,7,210,14:00,Alto Minho e Cávado,Vile - Caminha,Carqueja,Matos atlânticos,0.73,73.0,30.8,45.2,
2020-07-28,2020,7,210,14:00,Alto Minho e Cávado,Vile - Caminha,Herbáceas,Herbáceas,0.31,31.0,30.8,45.2,
2020-07-28,2020,7,210,14:00,Alto Minho e Cávado,Vile - Caminha,Urze,Matos atlânticos,0.63,63.0,30.8,45.2,
2020-07-28,2020,7,210,14:00,Alto Minho e Cávado,Vile - Caminha,Tojo,Matos atlânticos,1.24,124.0,30.8,45.2,
2020-07-29,2020,7,211,,Alto Tâmega e Terra de Trás-os-Montes,França - Bragança,Esteva,Matos mediterrânicos,0.8,80.0,,,
2020-07-29,2020,7,211,,Alto Tâmega e Terra de Trás-os-Montes,França - Bragança,Tojo,Matos atlânticos,0.83,83.0,,,
2020-07-29,2020,7,211,14:00,Alto Minho e Cávado,Vile - Caminha,Tojo,Matos atlânticos,1.24,124.0,24.0,54.0,
2020-07-29,2020,7,211,14:45,"Beira Baixa, Beiras e Serra da Estrela",Zona industrial,P. bravo,Pinhais,1.41,141.0,37.5,19.0,
2020-07-29,2020,7,211,14:45,"Beira Baixa, Beiras e Serra da Estrela",Olelas,Esteva,Matos mediterrânicos,0.78,78.0,37.5,19.0,
2020-07-29,2020,7,211,14:45,"Beira Baixa, Beiras e Serra da Estrela",Olelas,Urze,Matos atlânticos,0.7,70.0,37.5,19.0,
2020-08-03,2020,8,216,14:40,Alto Tâmega e Terra de Trás-os-Montes,Anelhe - Chaves,Urze,Matos atlânticos,0.83,83.0,31.1,30.6,
2020-08-03,2020,8,216,14:40,Alto Tâmega e Terra de Trás-os-Montes,Anelhe - Chaves,Carqueja,Matos atlânticos,0.78,78.0,31.1,30.6,
2020-08-03,2020,8,216,14:40,Alto Tâmega e Terra de Trás-os-Montes,Anelhe - Chaves,P. bravo,Pinhais,1.82,182.0,31.1,30.6,
2020-08-03,2020,8,216,14:00,AML e Alentejo Litoral,Arrábida - Setúbal,Carrasco,Matos mediterrânicos,0.2287,22.87,28.5,46.7,
2020-08-03,2020,8,216,14:00,AML e Alentejo Litoral,Arrábida - Setúbal,Esteva,Matos mediterrânicos,0.737,73.7,28.5,46.7,
2020-08-03,2020,8,216,14:15,Médio Tejo e Lezíria do tejo,Chamusca,Esteva,Matos mediterrânicos,0.71,71.0,29.9,39.0,
2020-08-03,2020,8,216,14:15,Médio Tejo e Lezíria do tejo,Chamusca,Tojo,Matos atlânticos,0.84,84.0,29.9,39.0,
2020-08-03,2020,8,216,14:00,Tâmega e Sousa e Ave,Felgueira - Vale de Cambra,Carqueja,Matos atlânticos,0.912,91.2,21.3,66.3,
2020-08-03,2020,8,216,14:00,Tâmega e Sousa e Ave,Felgueira - Vale de Cambra,Urze,Matos atlânticos,0.847,84.7,21.3,66.3,
2020-08-03,2020,8,216,14:00,Tâmega e Sousa e Ave,Felgueira - Vale de Cambra,Tojo,Matos atlânticos,1.139,113.9,21.3,66.3,
2020-08-03,2020,8,216,14:00,Tâmega e Sousa e Ave,Felgueira - Vale de Cambra,Herbáceas,Herbáceas,0.519,51.9,21.3,66.3,
2020-08-03,2020,8,216,14:00,"Aveiro, Viseu e Dão Lafões",Granja - Castro Daire,Carqueja,Matos atlânticos,0.843,84.3,33.2,31.0,
2020-08-03,2020,8,216,14:00,"Aveiro, Viseu e Dão Lafões",Granja - Castro Daire,Urze,Matos atlânticos,0.729,72.9,33.2,31.0,
2020-08-03,2020,8,216,14:00,"Aveiro, Viseu e Dão Lafões",Granja - Castro Daire,Herbáceas,Herbáceas,0.264,26.4,33.2,31.0,
2020-08-03,2020,8,216,,"Aveiro, Viseu e Dão Lafões",Viseu,Eucalipto,Outro,1.283,128.3,,,
2020-08-03,2020,8,216,,"Aveiro, Viseu e Dão Lafões",Viseu,P. bravo,Pinhais,1.486,148.6,,,
2020-08-03,2020,8,216,,"Aveiro, Viseu e Dão Lafões",Viseu,Tojo,Matos atlânticos,1.35,135.0,,,
2020-08-03,2020,8,216,,"Aveiro, Viseu e Dão Lafões",Viseu,Urze,Matos atlânticos,0.93,93.0,,,
2020-08-03,2020,8,216,14:25,AML e Alentejo Litoral,Monsanto - Lisboa,Carrasco,Matos mediterrânicos,0.7702,77.02,25.0,60.0,
2020-08-03,2020,8,216,14:50,"Alto Alentejo, Alentejo Central e Baixo Alentejo",Penha - Portalegre,Esteva,Matos mediterrânicos,0.84,84.0,32.7,27.4,
2020-08-03,2020,8,216,14:50,"Alto Alentejo, Alentejo Central e Baixo Alentejo",Penha - Portalegre,Giesta,Giestais,0.893,89.3,32.7,27.4,
2020-08-03,2020,8,216,15:15,Médio Tejo e Lezíria do tejo,Santarém,Tojo,Matos atlânticos,0.9,90.0,28.8,42.5,
2020-08-03,2020,8,216,15:15,Médio Tejo e Lezíria do tejo,Santarém,P. bravo,Pinhais,1.62,162.0,28.8,42.5,
2020-08-04,2020,8,217,,"Aveiro, Viseu e Dão Lafões",Viseu,Eucalipto,Outro,1.28,128.0,,,
2020-08-04,2020,8,217,,"Aveiro, Viseu e Dão Lafões",Viseu,P. bravo,Pinhais,1.64,164.0,,,
2020-08-04,2020,8,217,,"Aveiro, Viseu e Dão Lafões",Viseu,Tojo,Matos atlânticos,1.27,127.0,,,
2020-08-04,2020,8,217,,"Aveiro, Viseu e Dão Lafões",Viseu,Urze,Matos atlânticos,0.71,71.0,,,
2020-08-04,2020,8,217,14:07,Douro,Lamares - Vila Real,Carqueja,Matos atlânticos,0.92,92.0,29.4,24.2,
2020-08-04,2020,8,217,14:07,Douro,Lamares - Vila Real,Urze,Matos atlânticos,0.9,90.0,29.4,24.2,
2020-08-04,2020,8,217,14:07,Douro,Lamares - Vila Real,Herbáceas,Herbáceas,0.28,28.0,29.4,24.2,
2020-08-04,2020,8,217,14:00,Alto Minho e Cávado,Vile - Caminha,Carqueja,Matos atlânticos,0.71,71.0,31.2,41.5,
2020-08-04,2020,8,217,14:00,Alto Minho e Cávado,Vile - Caminha,Urze,Matos atlânticos,0.62,62.0,31.2,42.0,
2020-08-04,2020,8,217,14:00,Alto Minho e Cávado,Vile - Caminha,Tojo,Matos atlânticos,1.11,111.0,31.2,42.5,
2020-08-05,2020,8,218,,Alto Tâmega e Terra de Trás-os-Montes,França - Bragança,Esteva,Matos mediterrânicos,0.84,84.0,,,
2020-08-05,2020,8,218,,Alto Tâmega e Terra de Trás-os-Montes,França - Bragança,Tojo,Matos atlânticos,0.75,75.0,,,
2020-08-05,2020,8,218,,"Aveiro, Viseu e Dão Lafões",Viseu,Eucalipto,Outro,1.02,102.0,,,
2020-08-05,2020,8,218,,"Aveiro, Viseu e Dão Lafões",Viseu,P. bravo,Pinhais,1.56,156.0,,,
2020-08-05,2020,8,218,,"Aveiro, Viseu e Dão Lafões",Viseu,Tojo,Matos atlânticos,1.07,107.0,,,
2020-08-05,2020,8,218,,"Aveiro, Viseu e Dão Lafões",Viseu,Urze,Matos atlânticos,0.61,61.0,,,
2020-08-06,2020,8,219,,"Aveiro, Viseu e Dão Lafões",Viseu,Eucalipto,Outro,0.97,97.0,,,
2020-08-06,2020,8,219,,"Aveiro, Viseu e Dão Lafões",Viseu,P. bravo,Pinhais,1.6,160.0,,,
2020-08-06,2020,8,219,,"Aveiro, Viseu e Dão Lafões",Viseu,Tojo,Matos atlânticos,1.14,114.0,,,
2020-08-06,2020,8,219,,"Aveiro, Viseu e Dão Lafões",Viseu,Urze,Matos atlânticos,0.67,67.0,,,
2020-08-07,2020,8,220,,Algarve,Faro,Esteva,Matos mediterrânicos,0.419,41.9,,,
2020-08-07,2020,8,220,,"Aveiro, Viseu e Dão Lafões",Viseu,Eucalipto,Outro,0.87,87.0,,,
2020-08-07,2020,8,220,,"Aveiro, Viseu e Dão Lafões",Viseu,P. bravo,Pinhais,1.61,161.0,,,
2020-08-07,2020,8,220,,"Aveiro, Viseu e Dão Lafões",Viseu,Tojo,Matos atlânticos,1.22,122.0,,,
2020-08-07,2020,8,220,,"Aveiro, Viseu e Dão Lafões",Viseu,Urze,Matos atlânticos,0.62,62.0,,,
2020-08-10,2020,8,223,14:26,Alto Tâmega e Terra de Trás-os-Montes,Anelhe - Chaves,Carqueja,Matos atlânticos,0.74,74.0,32.0,35.7,
2020-08-10,2020,8,223,14:26,Alto Tâmega e Terra de Trás-os-Montes,Anelhe - Chaves,Urze,Matos atlânticos,0.74,74.0,32.0,35.7,
2020-08-10,2020,8,223,14:26,Alto Tâmega e Terra de Trás-os-Montes,Anelhe - Chaves,P. bravo,Pinhais,1.76,176.0,32.0,35.7,
2020-08-10,2020,8,223,13:30,AML e Alentejo Litoral,Arrábida - Setúbal,Carrasco,Matos mediterrânicos,0.2,20.0,27.6,47.5,
2020-08-10,2020,8,223,13:30,AML e Alentejo Litoral,Arrábida - Setúbal,Esteva,Matos mediterrânicos,0.787,78.7,27.6,47.5,
2020-08-10,2020,8,223,14:40,Médio Tejo e Lezíria do tejo,Chamusca,Esteva,Matos mediterrânicos,0.7,70.0,31.8,42.3,
2020-08-10,2020,8,223,14:40,Médio Tejo e Lezíria do tejo,Chamusca,Tojo,Matos atlânticos,0.82,82.0,31.8,42.3,
2020-08-10,2020,8,223,14:00,Tâmega e Sousa e Ave,Felgueira - Vale de Cambra,Carqueja,Matos atlânticos,0.753,75.3,23.7,61.2,
2020-08-10,2020,8,223,14:00,Tâmega e Sousa e Ave,Felgueira - Vale de Cambra,Urze,Matos atlânticos,0.703,70.3,23.7,61.2,
2020-08-10,2020,8,223,14:00,Tâmega e Sousa e Ave,Felgueira - Vale de Cambra,Tojo,Matos atlânticos,1.073,107.3,23.7,61.2,
2020-08-10,2020,8,223,14:00,Tâmega e Sousa e Ave,Felgueira - Vale de Cambra,Herbáceas,Herbáceas,0.391,39.1,23.7,61.2,
2020-08-10,2020,8,223,14:15,"Aveiro, Viseu e Dão Lafões",Granja - Castro Daire,Carqueja,Matos atlânticos,0.79,79.0,34.0,32.0,
2020-08-10,2020,8,223,14:15,"Aveiro, Viseu e Dão Lafões",Granja - Castro Daire,Urze,Matos atlânticos,0.69,69.0,34.0,32.0,
2020-08-10,2020,8,223,14:15,"Aveiro, Viseu e Dão Lafões",Granja - Castro Daire,Herbáceas,Herbáceas,0.22,22.0,34.0,32.0,
2020-08-10,2020,8,223,,"Aveiro, Viseu e Dão Lafões",Viseu,Eucalipto,Outro,1.24,124.0,,,
2020-08-10,2020,8,223,,"Aveiro, Viseu e Dão Lafões",Viseu,P. bravo,Pinhais,1.63,163.0,,,
2020-08-10,2020,8,223,,"Aveiro, Viseu e Dão Lafões",Viseu,Tojo,Matos atlânticos,1.25,125.0,,,
2020-08-10,2020,8,223,,"Aveiro, Viseu e Dão Lafões",Viseu,Urze,Matos atlânticos,0.62,62.0,,,
2020-08-10,2020,8,223,14:37,Douro,Lamares - Vila Real,Carqueja,Matos atlânticos,0.77,77.0,28.6,34.3,
2020-08-10,2020,8,223,14:37,Douro,Lamares - Vila Real,Urze,Matos atlânticos,0.92,92.0,28.6,34.3,
2020-08-10,2020,8,223,14:37,Douro,Lamares - Vila Real,Herbáceas,Herbáceas,0.24,24.0,28.6,34.3,
2020-08-10,2020,8,223,15:38,AML e Alentejo Litoral,Monsanto - Lisboa,Carrasco,Matos mediterrânicos,0.7758,77.58,26.0,50.0,
2020-08-10,2020,8,223,14:30,AML e Alentejo Litoral,Ouressa - Sintra,Urze,Matos atlânticos,0.1917,19.17,25.2,52.7,
2020-08-10,2020,8,223,14:30,AML e Alentejo Litoral,Ouressa - Sintra,Tojo,Matos atlânticos,0.8708,87.08,25.2,52.7,
2020-08-10,2020,8,223,14:30,"Alto Alentejo, Alentejo Central e Baixo Alentejo",Penha - Portalegre,Esteva,Matos mediterrânicos,0.884,88.4,32.4,30.4,
2020-08-10,2020,8,223,14:30,"Alto Alentejo, Alentejo Central e Baixo Alentejo",Penha - Portalegre,Giesta,Giestais,0.659,65.9,32.4,30.4,
2020-08-10,2020,8,223,13:45,Médio Tejo e Lezíria do tejo,Santarém,Tojo,Matos atlânticos,0.86,86.0,29.8,46.8,
2020-08-10,2020,8,223,13:45,Médio Tejo e Lezíria do tejo,Santarém,P. bravo,Pinhais,1.55,155.0,29.8,46.8,
2020-08-11,2020,8,224,,Alto Minho e Cávado,,Eucalipto,Outro,1.27,127.0,,,local_em_falta
2020-08-11,2020,8,224,,Alto Minho e Cávado,,P. bravo,Pinhais,1.79,179.0,,,local_em_falta
2020-08-11,2020,8,224,,Alto Minho e Cávado,,Tojo,Matos atlânticos,1.585,158.5,,,local_em_falta
2020-08-11,2020,8,224,,Alto Minho e Cávado,,Urze,Matos atlânticos,0.855,85.5,,,local_em_falta
2020-08-11,2020,8,224,,"Aveiro, Viseu e Dão Lafões",Viseu,Eucalipto,Outro,1.11,111.0,,,
2020-08-11,2020,8,224,,"Aveiro, Viseu e Dão Lafões",Viseu,P. bravo,Pinhais,1.46,146.0,,,
2020-08-11,2020,8,224,,"Aveiro, Viseu e Dão Lafões",Viseu,Tojo,Matos atlânticos,1.16,116.0,,,
2020-08-11,2020,8,224,,"Aveiro, Viseu e Dão Lafões",Viseu,Urze,Matos atlânticos,0.63,63.0,,,
2020-08-12,2020,8,225,14:06,Alto Tâmega e Terra de Trás-os-Montes,França - Bragança,Tojo,Matos atlânticos,0.98,98.0,20.6,61.2,
2020-08-12,2020,8,225,14:06,Alto Tâmega e Terra de Trás-os-Montes,França - Bragança,Esteva,Matos mediterrânicos,0.87,87.0,20.6,61.2,
2020-08-12,2020,8,225,14:15,"Beira Baixa, Beiras e Serra da Estrela",Zona industrial,P. bravo,Pinhais,1.24,124.0,28.0,37.0,
2020-08-12,2020,8,225,14:45,"Beira Baixa, Beiras e Serra da Estrela",Olelas,Esteva,Matos mediterrânicos,0.8,80.0,28.0,37.0,
2020-08-12,2020,8,225,14:45,"Beira Baixa, Beiras e Serra da Estrela",Olelas,Urze,Matos atlânticos,0.52,52.0,28.0,37.0,
2020-08-17,2020,8,230,13:50,AML e Alentejo Litoral,Arrábida - Setúbal,Esteva,Matos mediterrânicos,0.6123,61.23,30.3,43.5,
2020-08-17,2020,8,230,13:50,AML e Alentejo Litoral,Arrábida - Setúbal,Carrasco,Matos mediterrânicos,0.7549,75.49,30.3,44.0,
2020-08-17,2020,8,230,14:47,AML e Alentejo Litoral,Monsanto - Lisboa,Carrasco,Matos mediterrânicos,0.776,77.6,26.0,67.0,
2020-08-17,2020,8,230,15:42,AML e Alentejo Litoral,Ouressa - Sintra,Urze,Matos atlânticos,0.5631,56.31,28.0,56.0,
2020-08-17,2020,8,230,15:42,AML e Alentejo Litoral,Ouressa - Sintra,Tojo,Matos atlânticos,0.7593,75.93,28.0,56.0,
2020-08-17,2020,8,230,14h40,"Alto Alentejo, Alentejo Central e Baixo Alentejo",Penha - Portalegre,Esteva,Matos mediterrânicos,0.7545,75.45,29.7,43.6,
2020-08-17,2020,8,230,14h40,"Alto Alentejo, Alentejo Central e Baixo Alentejo",Penha - Portalegre,Giesta,Giestais,0.7319,73.19,29.7,43.6,
2020-08-19,2020,8,232,,Alto Tâmega e Terra de Trás-os-Montes,França - Bragança,Esteva,Matos mediterrânicos,0.98,98.0,,,
2020-08-19,2020,8,232,,Alto Tâmega e Terra de Trás-os-Montes,França - Bragança,Tojo,Matos atlânticos,0.89,89.0,,,
2020-08-20,2020,8,233,,Algarve,Faro,Esteva,Matos mediterrânicos,0.41,41.0,,,
2020-08-24,2020,8,237,14:00,Tâmega e Sousa e Ave,Felgueira - Vale de Cambra,Carqueja,Matos atlânticos,0.975,97.5,23.7,51.7,
2020-08-24,2020,8,237,14:00,Tâmega e Sousa e Ave,Felgueira - Vale de Cambra,Urze,Matos atlânticos,1.037,103.7,23.7,51.7,
2020-08-24,2020,8,237,14:00,Tâmega e Sousa e Ave,Felgueira - Vale de Cambra,Tojo,Matos atlânticos,1.251,125.1,23.7,51.7,
2020-08-24,2020,8,237,14:00,Tâmega e Sousa e Ave,Felgueira - Vale de Cambra,Herbáceas,Herbáceas,0.672,67.2,23.7,51.7,
2020-08-24,2020,8,237,14:00,"Aveiro, Viseu e Dão Lafões",Granja - Castro Daire,Carqueja,Matos atlânticos,0.897,89.7,31.0,30.5,
2020-08-24,2020,8,237,14:00,"Aveiro, Viseu e Dão Lafões",Granja - Castro Daire,Urze,Matos atlânticos,0.92,92.0,31.0,30.5,
2020-08-24,2020,8,237,14:00,"Aveiro, Viseu e Dão Lafões",Granja - Castro Daire,Herbáceas,Herbáceas,0.34,34.0,31.0,30.5,
2020-08-24,2020,8,237,14:00,Douro,Lamares - Vila Real,Carqueja,Matos atlânticos,0.83,83.0,30.0,31.0,
2020-08-24,2020,8,237,14:00,Douro,Lamares - Vila Real,Urze,Matos atlânticos,0.91,91.0,30.0,31.0,
2020-08-24,2020,8,237,14h05,"Alto Alentejo, Alentejo Central e Baixo Alentejo",Penha - Portalegre,Esteva,Matos mediterrânicos,0.7869,78.69,35.1,22.0,
2020-08-24,2020,8,237,14h05,"Alto Alentejo, Alentejo Central e Baixo Alentejo",Penha - Portalegre,Giesta,Giestais,0.8646,86.46,35.1,22.0,
2020-08-25,2020,8,238,14:28,Alto Tâmega e Terra de Trás-os-Montes,Anelhe - Chaves,Carqueja,Matos atlânticos,0.75,75.0,31.1,26.0,
2020-08-25,2020,8,238,14:28,Alto Tâmega e Terra de Trás-os-Montes,Anelhe - Chaves,Urze,Matos atlânticos,0.77,77.0,31.1,26.0,
2020-08-25,2020,8,238,14:28,Alto Tâmega e Terra de Trás-os-Montes,Anelhe - Chaves,P. bravo,Pinhais,1.67,167.0,31.1,26.0,
2020-08-25,2020,8,238,15h30,AML e Alentejo Litoral,Arrábida - Setúbal,Carrasco,Matos mediterrânicos,0.224,22.4,32.4,38.3,
2020-08-25,2020,8,238,15h30,AML e Alentejo Litoral,Arrábida - Setúbal,Esteva,Matos mediterrânicos,0.7092,70.92,32.4,38.0,
2020-08-25,2020,8,238,14h34,AML e Alentejo Litoral,Monsanto - Lisboa,Carrasco,Matos mediterrânicos,0.77,77.0,33.0,27.0,
2020-08-25,2020,8,238,,Alto Minho e Cávado,Ponte de Lima,P. bravo,Pinhais,1.992,199.2,,,
2020-08-25,2020,8,238,,Alto Minho e Cávado,Ponte de Lima,Eucalipto,Outro,1.302,130.2,,,
2020-08-25,2020,8,238,,Alto Minho e Cávado,Ponte de Lima,Urze,Matos atlânticos,0.93,93.0,,,
2020-08-25,2020,8,238,,Alto Minho e Cávado,Ponte de Lima,Tojo,Matos atlânticos,1.5,150.0,,,
2020-08-25,2020,8,238,,Algarve,Faro,Esteva,Matos mediterrânicos,0.458,45.8,,,
2020-08-25,2020,8,238,14h30,AML e Alentejo Litoral,Ouressa - Sintra,Urze,Matos atlânticos,0.2299,22.99,26.2,54.6,
2020-08-25,2020,8,238,14h30,AML e Alentejo Litoral,Ouressa - Sintra,Tojo,Matos atlânticos,0.9448,94.48,26.2,54.6,
2020-08-26,2020,8,239,,Alto Tâmega e Terra de Trás-os-Montes,França - Bragança,Esteva,Matos mediterrânicos,0.94,94.0,34.6,28.6,
2020-08-26,2020,8,239,,Alto Tâmega e Terra de Trás-os-Montes,França - Bragança,Tojo,Matos atlânticos,1.45,145.0,34.6,28.6,
2020-08-27,2020,8,240,14:00,Alto Minho e Cávado,Vile - Caminha,Carqueja,Matos atlânticos,0.88,88.0,24.9,71.0,
2020-08-27,2020,8,240,14:00,Alto Minho e Cávado,Vile - Caminha,Urze,Matos atlânticos,0.79,79.0,24.9,71.0,
2020-08-27,2020,8,240,14:00,Alto Minho e Cávado,Vile - Caminha,Tojo,Matos atlânticos,1.24,124.0,24.9,71.0,
2020-08-31,2020,8,244,15h20,AML e Alentejo Litoral,Arrábida - Setúbal,Carrasco,Matos mediterrânicos,0.2497,24.97,30.0,22.0,
2020-08-31,2020,8,244,25h20,AML e Alentejo Litoral,Arrábida - Setúbal,Esteva,Matos mediterrânicos,0.6777,67.77,30.0,22.0,
2020-08-31,2020,8,244,14:00,Tâmega e Sousa e Ave,Felgueira - Vale de Cambra,Carqueja,Matos atlânticos,0.96,96.0,20.1,35.4,
2020-08-31,2020,8,244,14:00,Tâmega e Sousa e Ave,Felgueira - Vale de Cambra,Urze,Matos atlânticos,0.99,99.0,20.1,35.4,
2020-08-31,2020,8,244,14:00,Tâmega e Sousa e Ave,Felgueira - Vale de Cambra,Tojo,Matos atlânticos,1.23,123.0,20.1,35.4,
2020-08-31,2020,8,244,14:00,Tâmega e Sousa e Ave,Felgueira - Vale de Cambra,Herbáceas,Herbáceas,0.5,50.0,20.1,35.4,
2020-08-31,2020,8,244,15:30,"Aveiro, Viseu e Dão Lafões",Granja - Castro Daire,Carqueja,Matos atlânticos,0.772,77.2,24.8,27.2,
2020-08-31,2020,8,244,15:30,"Aveiro, Viseu e Dão Lafões",Granja - Castro Daire,Urze,Matos atlânticos,0.937,93.7,24.8,27.2,
2020-08-31,2020,8,244,15:30,"Aveiro, Viseu e Dão Lafões",Granja - Castro Daire,Herbáceas,Herbáceas,0.216,21.6,24.8,27.2,
2020-08-31,2020,8,244,14h10,Douro,Lamares - Vila Real,Carqueja,Matos atlânticos,0.9,90.0,29.9,27.0,
2020-08-31,2020,8,244,14h10,Douro,Lamares - Vila Real,Urze,Matos atlânticos,0.79,79.0,29.9,27.0,
2020-08-31,2020,8,244,14h20,AML e Alentejo Litoral,Monsanto - Lisboa,Carrasco,Matos mediterrânicos,0.756,75.6,29.0,15.0,
2020-08-31,2020,8,244,14h15,AML e Alentejo Litoral,Ouressa - Sintra,Urze,Matos atlânticos,0.202,20.2,30.7,31.8,
2020-08-31,2020,8,244,14h15,AML e Alentejo Litoral,Ouressa - Sintra,Tojo,Matos atlânticos,1.0974,109.74,30.7,31.8,
2020-08-31,2020,8,244,14h10,"Alto Alentejo, Alentejo Central e Baixo Alentejo",Penha - Portalegre,Esteva,Matos mediterrânicos,0.7139,71.39,30.1,14.5,
2020-08-31,2020,8,244,14h10,"Alto Alentejo, Alentejo Central e Baixo Alentejo",Penha - Portalegre,Giesta,Giestais,0.7966,79.66,30.1,14.5,
2020-09-01,2020,9,245,14:00,Alto Tâmega e Terra de Trás-os-Montes,Anelhe - Chaves,Carqueja,Matos atlânticos,0.7,70.0,27.9,23.8,
2020-09-01,2020,9,245,14:00,Alto Tâmega e Terra de Trás-os-Montes,Anelhe - Chaves,Urze,Matos atlânticos,0.67,67.0,27.9,23.8,
2020-09-01,2020,9,245,14:00,Alto Tâmega e Terra de Trás-os-Montes,Anelhe - Chaves,P. bravo,Pinhais,1.65,165.0,27.9,23.8,
2020-09-01,2020,9,245,14:25,Médio Tejo e Lezíria do tejo,Chamusca,Esteva,Matos mediterrânicos,0.67,67.0,29.4,37.7,
2020-09-01,2020,9,245,14:25,Médio Tejo e Lezíria do tejo,Chamusca,Tojo,Matos atlânticos,0.77,77.0,29.4,38.0,
2020-09-01,2020,9,245,15:25,Médio Tejo e Lezíria do tejo,Santarém,Tojo,Matos atlânticos,0.91,91.0,28.3,33.6,
2020-09-01,2020,9,245,15:25,Médio Tejo e Lezíria do tejo,Santarém,P. bravo,Pinhais,1.76,176.0,28.3,33.6,
2020-09-02,2020,9,246,14:00,Alto Minho e Cávado,Vile - Caminha,Carqueja,Matos atlânticos,0.83,83.0,28.9,37.0,
2020-09-02,2020,9,246,14:00,Alto Minho e Cávado,Vile - Caminha,Urze,Matos atlânticos,0.77,77.0,28.9,37.0,
2020-09-02,2020,9,246,14:00,Alto Minho e Cávado,Vile - Caminha,Tojo,Matos atlânticos,1.13,113.0,28.9,37.0,
2020-09-03,2020,9,247,14:15,"Beira Baixa, Beiras e Serra da Estrela",Zona industrial,P. bravo,Pinhais,1.29,129.0,34.0,13.0,
2020-09-03,2020,9,247,14:45,"Beira Baixa, Beiras e Serra da Estrela",Olelas,Esteva,Matos mediterrânicos,0.77,77.0,34.0,13.0,
2020-09-03,2020,9,247,14:45,"Beira Baixa, Beiras e Serra da Estrela",Olelas,Urze,Matos atlânticos,0.63,63.0,34.0,13.0,
2020-09-07,2020,9,251,14:15,Alto Tâmega e Terra de Trás-os-Montes,Anelhe - Chaves,Carqueja,Matos atlânticos,0.74,74.0,27.6,31.6,
2020-09-07,2020,9,251,14:15,Alto Tâmega e Terra de Trás-os-Montes,Anelhe - Chaves,Urze,Matos atlânticos,0.57,57.0,27.6,31.6,
2020-09-07,2020,9,251,14:15,Alto Tâmega e Terra de Trás-os-Montes,Anelhe - Chaves,P. bravo,Pinhais,1.63,163.0,27.6,31.6,
2020-09-07,2020,9,251,14:00,Médio Tejo e Lezíria do tejo,Chamusca,Tojo,Matos atlânticos,0.69,69.0,33.9,26.0,
2020-09-07,2020,9,251,14:00,Médio Tejo e Lezíria do tejo,Chamusca,Esteva,Matos mediterrânicos,0.69,69.0,33.9,26.0,
2020-09-07,2020,9,251,15:00,Douro,Lamares - Vila Real,Carqueja,Matos atlânticos,0.78,78.0,23.9,33.9,
2020-09-07,2020,9,251,15:00,Douro,Lamares - Vila Real,Urze,Matos atlânticos,0.93,93.0,23.9,33.9,
2020-09-07,2020,9,251,14:45,AML e Alentejo Litoral,Monsanto - Lisboa,Carrasco,Matos mediterrânicos,0.75,75.0,33.0,27.0,
2020-09-07,2020,9,251,14:40,"Alto Alentejo, Alentejo Central e Baixo Alentejo",Penha - Portalegre,Esteva,Matos mediterrânicos,0.73,73.0,34.4,20.3,
2020-09-07,2020,9,251,14:40,"Alto Alentejo, Alentejo Central e Baixo Alentejo",Penha - Portalegre,Giesta,Giestais,0.72,72.0,34.4,20.3,
2020-09-07,2020,9,251,15:00,Médio Tejo e Lezíria do tejo,Santarém,Tojo,Matos atlânticos,0.81,81.0,37.8,19.8,
2020-09-07,2020,9,251,15:00,Médio Tejo e Lezíria do tejo,Santarém,P. bravo,Pinhais,1.53,153.0,37.8,19.8,
2020-09-08,2020,9,252,15:22,AML e Alentejo Litoral,Arrábida - Setúbal,Esteva,Matos mediterrânicos,0.58,58.0,32.4,29.4,
2020-09-08,2020,9,252,15:22,AML e Alentejo Litoral,Arrábida - Setúbal,Carrasco,Matos mediterrânicos,0.7,70.0,32.4,29.4,
2020-09-08,2020,9,252,13:28,AML e Alentejo Litoral,Ouressa - Sintra,Urze,Matos atlânticos,0.43,43.0,32.3,23.4,
2020-09-08,2020,9,252,13:28,AML e Alentejo Litoral,Ouressa - Sintra,Tojo,Matos atlânticos,0.52,52.0,32.3,23.4,
2020-09-08,2020,9,252,14:00,Alto Minho e Cávado,Vile - Caminha,Carqueja,Matos atlânticos,0.78,78.0,28.5,35.6,
2020-09-08,2020,9,252,14:00,Alto Minho e Cávado,Vile - Caminha,Urze,Matos atlânticos,0.83,83.0,28.5,35.6,
2020-09-08,2020,9,252,14:00,Alto Minho e Cávado,Vile - Caminha,Tojo,Matos atlânticos,1.08,108.0,28.5,35.6,
2020-09-09,2020,9,253,14:43,Alto Tâmega e Terra de Trás-os-Montes,França - Bragança,Tojo,Matos atlânticos,0.85,85.0,29.9,20.2,
2020-09-09,2020,9,253,14:43,Alto Tâmega e Terra de Trás-os-Montes,França - Bragança,Esteva,Matos mediterrânicos,0.94,94.0,29.9,20.2,
2020-09-09,2020,9,253,,AML e Alentejo Litoral,Faro,Esteva,Matos mediterrânicos,0.424,42.4,,,nucleo_faro_inconsistente
2020-09-11,2020,9,255,,AML e Alentejo Litoral,Faro,Esteva,Matos mediterrânicos,0.416,41.6,,,nucleo_faro_inconsistente
2020-09-14,2020,9,258,,Alto Tâmega e Terra de Trás-os-Montes,Anelhe - Chaves,Urze,Matos atlânticos,0.59,59.0,,,
2020-09-14,2020,9,258,,Alto Tâmega e Terra de Trás-os-Montes,Anelhe - Chaves,Carqueja,Matos atlânticos,0.72,72.0,,,
2020-09-14,2020,9,258,,Alto Tâmega e Terra de Trás-os-Montes,Anelhe - Chaves,P. bravo,Pinhais,1.84,184.0,,,
2020-09-14,2020,9,258,16:05,AML e Alentejo Litoral,Arrábida - Setúbal,Esteva,Matos mediterrânicos,0.55,55.0,27.8,41.9,
2020-09-14,2020,9,258,16:05,AML e Alentejo Litoral,Arrábida - Setúbal,Carrasco,Matos mediterrânicos,0.68,68.0,27.8,41.9,
2020-09-14,2020,9,258,14:10,Douro,Lamares - Vila Real,Carqueja,Matos atlânticos,0.78,78.0,27.0,38.0,
2020-09-14,2020,9,258,14:10,Douro,Lamares - Vila Real,Urze,Matos atlânticos,0.99,99.0,27.0,38.0,
2020-09-14,2020,9,258,14:21,AML e Alentejo Litoral,Monsanto - Lisboa,Carrasco,Matos mediterrânicos,0.75,75.0,24.0,53.0,
2020-09-14,2020,9,258,14:38,AML e Alentejo Litoral,Ouressa - Sintra,Urze,Matos atlânticos,0.43,43.0,26.7,50.4,
2020-09-14,2020,9,258,14:38,AML e Alentejo Litoral,Ouressa - Sintra,Tojo,Matos atlânticos,0.67,67.0,26.7,50.4,
2020-09-14,2020,9,258,14:40,"Alto Alentejo, Alentejo Central e Baixo Alentejo",Penha - Portalegre,Esteva,Matos mediterrânicos,0.722,72.2,29.6,33.0,
2020-09-14,2020,9,258,14:40,"Alto Alentejo, Alentejo Central e Baixo Alentejo",Penha - Portalegre,Giesta,Giestais,1.016,101.6,29.6,33.0,
2020-09-14,2020,9,258,,AML e Alentejo Litoral,Faro,Esteva,Matos mediterrânicos,0.417,41.7,,,nucleo_faro_inconsistente
2020-09-15,2020,9,259,15:00,Médio Tejo e Lezíria do tejo,Chamusca,Tojo,Matos atlânticos,0.38,38.0,28.7,39.5,
2020-09-15,2020,9,259,15:00,Médio Tejo e Lezíria do tejo,Chamusca,Esteva,Matos mediterrânicos,0.6,60.0,28.7,39.5,
2020-09-15,2020,9,259,15:30,"Aveiro, Viseu e Dão Lafões",Granja - Castro Daire,Carqueja,Matos atlânticos,0.771,77.1,24.6,41.0,
2020-09-15,2020,9,259,15:30,"Aveiro, Viseu e Dão Lafões",Granja - Castro Daire,Urze,Matos atlânticos,0.683,68.3,24.6,41.0,
2020-09-15,2020,9,259,15:30,"Aveiro, Viseu e Dão Lafões",Granja - Castro Daire,Herbáceas,Herbáceas,0.32,32.0,24.6,41.0,
2020-09-15,2020,9,259,15:40,Médio Tejo e Lezíria do tejo,Santarém,Tojo,Matos atlânticos,0.75,75.0,29.5,38.6,
2020-09-15,2020,9,259,15:40,Médio Tejo e Lezíria do tejo,Santarém,P. bravo,Pinhais,1.49,149.0,29.5,38.6,
2020-09-15,2020,9,259,14:30,Alto Minho e Cávado,Vile - Caminha,Carqueja,Matos atlânticos,0.8,80.0,24.8,,
2020-09-15,2020,9,259,14:30,Alto Minho e Cávado,Vile - Caminha,Urze,Matos atlânticos,0.64,64.0,24.8,,
2020-09-15,2020,9,259,14:30,Alto Minho e Cávado,Vile - Caminha,Tojo,Matos atlânticos,1.12,112.0,24.8,,
2020-09-16,2020,9,260,,AML e Alentejo Litoral,Faro,Esteva,Matos mediterrânicos,0.433,43.3,,,nucleo_faro_inconsistente
2020-09-21,2020,9,265,15:30,AML e Alentejo Litoral,Arrábida - Setúbal,Esteva,Matos mediterrânicos,0.6555,65.55,28.4,49.2,
2020-09-21,2020,9,265,15:30,AML e Alentejo Litoral,Arrábida - Setúbal,Carrasco,Matos mediterrânicos,0.706,70.6,28.4,49.0,
2020-09-21,2020,9,265,14:25,AML e Alentejo Litoral,Monsanto - Lisboa,Carrasco,Matos mediterrânicos,0.8546,85.46,25.0,46.0,
2020-09-21,2020,9,265,14:34,AML e Alentejo Litoral,Ouressa - Sintra,Urze,Matos atlânticos,0.5213,52.13,24.5,55.2,
2020-09-21,2020,9,265,14:34,AML e Alentejo Litoral,Ouressa - Sintra,Tojo,Matos atlânticos,0.6338,63.38,24.5,55.0,
2020-09-21,2020,9,265,14:40,"Alto Alentejo, Alentejo Central e Baixo Alentejo",Penha - Portalegre,Esteva,Matos mediterrânicos,0.99,99.0,26.1,44.2,
2020-09-21,2020,9,265,14:40,"Alto Alentejo, Alentejo Central e Baixo Alentejo",Penha - Portalegre,Giesta,Giestais,0.95,95.0,26.1,44.2,
2020-09-22,2020,9,266,14:00,Médio Tejo e Lezíria do tejo,Chamusca,Tojo,Matos atlânticos,0.73,73.0,27.6,44.6,
2020-09-22,2020,9,266,14:00,Médio Tejo e Lezíria do tejo,Chamusca,Esteva,Matos mediterrânicos,0.89,89.0,27.6,44.6,
2020-09-22,2020,9,266,13:20,Médio Tejo e Lezíria do tejo,Santarém,Tojo,Matos atlânticos,0.79,79.0,24.1,53.5,
2020-09-22,2020,9,266,13:20,Médio Tejo e Lezíria do tejo,Santarém,P. bravo,Pinhais,1.65,165.0,24.1,53.5,
2020-09-22,2020,9,266,,"Aveiro, Viseu e Dão Lafões",,P. bravo,Pinhais,1.76,176.0,,,local_em_falta
2020-09-22,2020,9,266,,"Aveiro, Viseu e Dão Lafões",,Eucalipto,Outro,1.32,132.0,,,local_em_falta
2020-09-22,2020,9,266,,"Aveiro, Viseu e Dão Lafões",,Urze,Matos atlânticos,0.91,91.0,,,local_em_falta
2020-09-22,2020,9,266,,"Aveiro, Viseu e Dão Lafões",,Tojo,Matos atlânticos,1.22,122.0,,,local_em_falta
2020-09-23,2020,9,267,,"Aveiro, Viseu e Dão Lafões",,P. bravo,Pinhais,2.23,223.0,,,local_em_falta
2020-09-23,2020,9,267,,"Aveiro, Viseu e Dão Lafões",,Eucalipto,Outro,1.08,108.0,,,local_em_falta
2020-09-23,2020,9,267,,"Aveiro, Viseu e Dão Lafões",,Urze,Matos atlânticos,1.29,129.0,,,local_em_falta
2020-09-23,2020,9,267,,"Aveiro, Viseu e Dão Lafões",,Tojo,Matos atlânticos,1.63,163.0,,,local_em_falta
2020-09-24,2020,9,268,,"Aveiro, Viseu e Dão Lafões",,P. bravo,Pinhais,1.73,173.0,,,local_em_falta
2020-09-24,2020,9,268,,"Aveiro, Viseu e Dão Lafões",,Eucalipto,Outro,1.32,132.0,,,local_em_falta
2020-09-24,2020,9,268,,"Aveiro, Viseu e Dão Lafões",,Urze,Matos atlânticos,0.85,85.0,,,local_em_falta
2020-09-24,2020,9,268,,"Aveiro, Viseu e Dão Lafões",,Tojo,Matos atlânticos,1.16,116.0,,,local_em_falta
2020-09-25,2020,9,269,,"Aveiro, Viseu e Dão Lafões",,P. bravo,Pinhais,1.73,173.0,,,local_em_falta
2020-09-25,2020,9,269,,"Aveiro, Viseu e Dão Lafões",,Eucalipto,Outro,1.12,112.0,,,local_em_falta
2020-09-25,2020,9,269,,"Aveiro, Viseu e Dão Lafões",,Urze,Matos atlânticos,0.85,85.0,,,local_em_falta
2020-09-25,2020,9,269,,"Aveiro, Viseu e Dão Lafões",,Tojo,Matos atlânticos,1.06,106.0,,,local_em_falta
2020-09-28,2020,9,272,14:07,Alto Tâmega e Terra de Trás-os-Montes,Anelhe - Chaves,Urze,Matos atlânticos,0.85,85.0,23.7,35.5,
2020-09-28,2020,9,272,14:07,Alto Tâmega e Terra de Trás-os-Montes,Anelhe - Chaves,Carqueja,Matos atlânticos,0.77,77.0,23.7,35.5,
2020-09-28,2020,9,272,14:07,Alto Tâmega e Terra de Trás-os-Montes,Anelhe - Chaves,P. bravo,Pinhais,1.58,158.0,23.7,35.5,
2020-09-28,2020,9,272,12h50,AML e Alentejo Litoral,Arrábida - Setúbal,Esteva,Matos mediterrânicos,0.816,81.6,24.7,54.2,
2020-09-28,2020,9,272,12h50,AML e Alentejo Litoral,Arrábida - Setúbal,Carrasco,Matos mediterrânicos,0.7293,72.93,24.7,54.2,
2020-09-28,2020,9,272,13:20,Médio Tejo e Lezíria do tejo,Chamusca,Tojo,Matos atlânticos,0.85,85.0,27.0,34.5,
2020-09-28,2020,9,272,13:20,Médio Tejo e Lezíria do tejo,Chamusca,Esteva,Matos mediterrânicos,0.92,92.0,27.0,34.5,
2020-09-28,2020,9,272,14:00,"Aveiro, Viseu e Dão Lafões",Granja - Castro Daire,Carqueja,Matos atlânticos,0.75,75.0,25.8,37.2,
2020-09-28,2020,9,272,14:00,"Aveiro, Viseu e Dão Lafões",Granja - Castro Daire,Urze,Matos atlânticos,0.91,91.0,25.8,37.2,
2020-09-28,2020,9,272,14:00,"Aveiro, Viseu e Dão Lafões",Granja - Castro Daire,Herbáceas,Herbáceas,0.27,27.0,25.8,37.2,
2020-09-28,2020,9,272,14h15,Douro,Lamares - Vila Real,Carqueja,Matos atlânticos,0.85,85.0,24.2,30.0,
2020-09-28,2020,9,272,14h22,AML e Alentejo Litoral,Monsanto - Lisboa,Carrasco,Matos mediterrânicos,0.8035,80.35,25.0,50.0,
2020-09-28,2020,9,272,14h17,AML e Alentejo Litoral,Ouressa - Sintra,Urze,Matos atlânticos,0.5578,55.78,22.2,57.9,
2020-09-28,2020,9,272,14h17,AML e Alentejo Litoral,Ouressa - Sintra,Tojo,Matos atlânticos,0.6109,61.09,22.2,58.0,
2020-09-28,2020,9,272,14h15,"Alto Alentejo, Alentejo Central e Baixo Alentejo",Penha - Portalegre,Esteva,Matos mediterrânicos,0.994,99.4,29.6,26.9,
2020-09-28,2020,9,272,14h15,"Alto Alentejo, Alentejo Central e Baixo Alentejo",Penha - Portalegre,Giesta,Giestais,0.891,89.1,29.6,26.9,
2020-09-28,2020,9,272,14:00,Médio Tejo e Lezíria do tejo,Santarém,Tojo,Matos atlânticos,0.8,80.0,28.0,36.0,
2020-09-28,2020,9,272,14:00,Médio Tejo e Lezíria do tejo,Santarém,P. bravo,Pinhais,1.55,155.0,28.0,36.0,
2020-09-28,2020,9,272,14h15,Douro,Lamares - Vila Real,Urze,Matos atlânticos,0.84,84.0,24.2,30.0,
2020-09-28,2020,9,272,,"Aveiro, Viseu e Dão Lafões",,P. bravo,Pinhais,1.64,164.0,,,local_em_falta
2020-09-28,2020,9,272,,"Aveiro, Viseu e Dão Lafões",,Eucalipto,Outro,1.03,103.0,,,local_em_falta
2020-09-28,2020,9,272,,"Aveiro, Viseu e Dão Lafões",,Urze,Matos atlânticos,0.8,80.0,,,local_em_falta
2020-09-28,2020,9,272,,"Aveiro, Viseu e Dão Lafões",,Tojo,Matos atlânticos,1.22,122.0,,,local_em_falta
2020-09-29,2020,9,273,,"Aveiro, Viseu e Dão Lafões",,P. bravo,Pinhais,1.64,164.0,,,local_em_falta
2020-09-29,2020,9,273,,"Aveiro, Viseu e Dão Lafões",,Eucalipto,Outro,0.975,97.5,,,local_em_falta
2020-09-29,2020,9,273,,"Aveiro, Viseu e Dão Lafões",,Urze,Matos atlânticos,0.86,86.0,,,local_em_falta
2020-09-29,2020,9,273,,"Aveiro, Viseu e Dão Lafões",,Tojo,Matos atlânticos,1.41,141.0,,,local_em_falta
2020-09-29,2020,9,273,14:00,Alto Minho e Cávado,Vile - Caminha,Carqueja,Matos atlânticos,0.81,81.0,24.0,54.0,
2020-09-29,2020,9,273,14:00,Alto Minho e Cávado,Vile - Caminha,Urze,Matos atlânticos,0.75,75.0,24.0,54.0,
2020-10-06,2020,10,280,13:35,AML e Alentejo Litoral,Arrábida - Setúbal,Esteva,Matos mediterrânicos,0.7013,70.13,28.4,56.9,
2020-10-06,2020,10,280,13:35,AML e Alentejo Litoral,Arrábida - Setúbal,Carrasco,Matos mediterrânicos,0.7379,73.79,28.4,56.9,
2020-10-06,2020,10,280,13:30,Médio Tejo e Lezíria do tejo,Chamusca,Tojo,Matos atlânticos,0.74,74.0,28.5,47.0,
2020-10-06,2020,10,280,13:30,Médio Tejo e Lezíria do tejo,Chamusca,Esteva,Matos mediterrânicos,0.95,95.0,28.5,47.0,
2020-10-06,2020,10,280,14:22,AML e Alentejo Litoral,Monsanto - Lisboa,Carrasco,Matos mediterrânicos,0.7817,78.17,24.0,68.0,
2020-10-06,2020,10,280,14:46,AML e Alentejo Litoral,Ouressa - Sintra,Urze,Matos atlânticos,0.5044,50.44,24.6,55.4,
2020-10-06,2020,10,280,14:46,AML e Alentejo Litoral,Ouressa - Sintra,Tojo,Matos atlânticos,0.5675,56.75,24.6,55.0,
2020-10-06,2020,10,280,14:15,"Alto Alentejo, Alentejo Central e Baixo Alentejo",Penha - Portalegre,Esteva,Matos mediterrânicos,1.061,106.1,27.5,43.0,
2020-10-06,2020,10,280,14:15,"Alto Alentejo, Alentejo Central e Baixo Alentejo",Penha - Portalegre,Giesta,Giestais,0.977,97.7,27.5,43.0,
2020-10-06,2020,10,280,13:00,Médio Tejo e Lezíria do tejo,Santarém,Tojo,Matos atlânticos,0.94,94.0,30.0,43.0,
2020-10-06,2020,10,280,13:00,Médio Tejo e Lezíria do tejo,Santarém,P. bravo,Pinhais,1.49,149.0,30.0,43.0,
2020-10-12,2020,10,286,15:30,AML e Alentejo Litoral,Arrábida - Setúbal,Esteva,Matos mediterrânicos,0.5857,58.57,25.2,30.8,
2020-10-12,2020,10,286,15:30,AML e Alentejo Litoral,Arrábida - Setúbal,Carrasco,Matos mediterrânicos,0.7256,72.56,25.2,31.0,
2020-10-12,2020,10,286,14:00,Médio Tejo e Lezíria do tejo,Chamusca,Tojo,Matos atlânticos,0.69,69.0,23.0,26.0,
2020-10-12,2020,10,286,14:00,Médio Tejo e Lezíria do tejo,Chamusca,Esteva,Matos mediterrânicos,0.92,92.0,23.0,26.0,
2020-10-12,2020,10,286,14:26,Douro,Lamares - Vila Real,Carqueja,Matos atlânticos,0.79,79.0,18.6,35.0,
2020-10-12,2020,10,286,14:26,Douro,Lamares - Vila Real,Urze,Matos atlânticos,0.89,89.0,18.6,35.0,
2020-10-12,2020,10,286,14:15,AML e Alentejo Litoral,Monsanto - Lisboa,Carrasco,Matos mediterrânicos,0.766,76.6,22.0,26.0,
2020-10-12,2020,10,286,13:49,AML e Alentejo Litoral,Ouressa - Sintra,Urze,Matos atlânticos,0.5058,50.58,24.2,33.1,
2020-10-12,2020,10,286,13:49,AML e Alentejo Litoral,Ouressa - Sintra,Tojo,Matos atlânticos,0.495,49.5,24.2,33.0,
2020-10-12,2020,10,286,14:25,"Alto Alentejo, Alentejo Central e Baixo Alentejo",Penha - Portalegre,Esteva,Matos mediterrânicos,0.993,99.3,22.0,26.0,
2020-10-12,2020,10,286,14:25,"Alto Alentejo, Alentejo Central e Baixo Alentejo",Penha - Portalegre,Giesta,Giestais,0.87,87.0,22.0,26.0,
2020-10-12,2020,10,286,14:40,Médio Tejo e Lezíria do tejo,Santarém,Tojo,Matos atlânticos,0.77,77.0,24.5,25.0,
2020-10-12,2020,10,286,14:40,Médio Tejo e Lezíria do tejo,Santarém,P. bravo,Pinhais,1.59,159.0,24.5,25.0,
2020-10-12,2020,10,286,14:15,"Beira Baixa, Beiras e Serra da Estrela",Zona industrial,P. bravo,Pinhais,1.3,130.0,22.8,26.0,
2020-10-12,2020,10,286,14:45,"Beira Baixa, Beiras e Serra da Estrela",Olelas,Esteva,Matos mediterrânicos,0.9,90.0,22.8,26.0,
2020-10-12,2020,10,286,14:45,"Beira Baixa, Beiras e Serra da Estrela",Olelas,Urze,Matos atlânticos,0.85,85.0,22.8,26.0,
2020-10-13,2020,10,287,14:00,Alto Minho e Cávado,Vile - Caminha,Carqueja,Matos atlânticos,0.78,78.0,23.3,54.0,
2020-10-13,2020,10,287,14:00,Alto Minho e Cávado,Vile - Caminha,Urze,Matos atlânticos,0.84,84.0,23.3,54.0,
2020-10-13,2020,10,287,14:00,Alto Minho e Cávado,Vile - Caminha,Tojo,Matos atlânticos,1.07,107.0,23.3,54.0,
2021-01-12,2021,1,12,14:15,"Beira Baixa, Beiras e Serra da Estrela",Zona industrial,P. bravo,Pinhais,1.28,128.0,12.0,35.0,
2021-01-12,2021,1,12,14:45,"Beira Baixa, Beiras e Serra da Estrela",Olelas,Esteva,Matos mediterrânicos,1.17,117.0,12.0,35.0,
2021-01-12,2021,1,12,14:45,"Beira Baixa, Beiras e Serra da Estrela",Olelas,Urze,Matos atlânticos,0.62,62.0,12.0,35.0,
2021-02-16,2021,2,47,14:15,"Beira Baixa, Beiras e Serra da Estrela",Zona industrial,P. bravo,Pinhais,1.34,134.0,17.0,77.0,
2021-02-16,2021,2,47,14:45,"Beira Baixa, Beiras e Serra da Estrela",Olelas,Esteva,Matos mediterrânicos,1.35,135.0,15.0,68.0,
2021-02-16,2021,2,47,14:45,"Beira Baixa, Beiras e Serra da Estrela",Olelas,Urze,Matos atlânticos,1.0,100.0,15.0,68.0,
2021-03-18,2021,3,77,14:15,"Beira Baixa, Beiras e Serra da Estrela",Zona industrial,P. bravo,Pinhais,1.19,119.0,17.0,44.0,
2021-03-18,2021,3,77,14:45,"Beira Baixa, Beiras e Serra da Estrela",Olelas,Esteva,Matos mediterrânicos,1.23,123.0,18.0,40.0,
2021-03-18,2021,3,77,14:45,"Beira Baixa, Beiras e Serra da Estrela",Olelas,Urze,Matos atlânticos,1.17,117.0,18.0,40.0,
2021-04-03,2021,4,93,14:30,"Alto Alentejo, Alentejo Central e Baixo Alentejo",S.Penha - Portalegre,Esteva,Matos mediterrânicos,1.4,140.0,20.4,35.6,
2021-04-03,2021,4,93,:30,"Alto Alentejo, Alentejo Central e Baixo Alentejo",S.Penha - Portalegre,Giesta,Giestais,1.906,190.6,20.4,35.6,
2021-04-12,2021,4,102,13:16,AML e Alentejo Litoral,Ouressa - Sintra,Urze,Matos atlânticos,1.31,131.0,18.3,63.2,
2021-04-12,2021,4,102,13:16,AML e Alentejo Litoral,Ouressa - Sintra,Tojo,Matos atlânticos,2.0,200.0,18.3,63.0,
2021-04-12,2021,4,102,14:30,AML e Alentejo Litoral,Arrábida - Setúbal,Esteva,Matos mediterrânicos,1.55,155.0,22.9,50.3,
2021-04-12,2021,4,102,14:30,AML e Alentejo Litoral,Arrábida - Setúbal,Carrasco,Matos mediterrânicos,1.65,165.0,22.9,50.0,
2021-04-14,2021,4,104,14:15,"Beira Baixa, Beiras e Serra da Estrela",Zona industrial,P. bravo,Pinhais,1.16,116.0,20.0,55.0,
2021-04-14,2021,4,104,14:45,"Beira Baixa, Beiras e Serra da Estrela",Olelas,Esteva,Matos mediterrânicos,1.27,127.0,21.0,53.0,
2021-04-14,2021,4,104,14:45,"Beira Baixa, Beiras e Serra da Estrela",Olelas,Urze,Matos atlânticos,1.14,114.0,21.0,53.0,
2021-04-16,2021,4,106,14:20,Douro,Lamares - Vila Real,Carqueja,Matos atlânticos,1.33,133.0,14.5,33.4,
2021-04-16,2021,4,106,14:20,Douro,Lamares - Vila Real,Urze,Matos atlânticos,1.0,100.0,14.5,33.4,
2021-04-16,2021,4,106,14:20,Douro,Lamares - Vila Real,Herbáceas,Herbáceas,0.41,41.0,14.5,33.4,
2021-04-19,2021,4,109,14:30,"Alto Alentejo, Alentejo Central e Baixo Alentejo",S.Penha - Portalegre,Esteva,Matos mediterrânicos,1.42,142.0,20.1,54.5,
2021-04-19,2021,4,109,14:30,"Alto Alentejo, Alentejo Central e Baixo Alentejo",S.Penha - Portalegre,Giesta,Giestais,3.18,318.0,20.1,54.5,
2021-04-26,2021,4,116,14:00,AML e Alentejo Litoral,Arrábida - Setúbal,Esteva,Matos mediterrânicos,1.68,168.0,23.0,51.3,
2021-04-26,2021,4,116,14:00,AML e Alentejo Litoral,Arrábida - Setúbal,Carrasco,Matos mediterrânicos,1.32,132.0,23.0,51.3,
2021-05-03,2021,5,123,14:45,Douro,Lamares - Vila Real,Carqueja,Matos atlânticos,1.48,148.0,16.2,41.5,
2021-05-03,2021,5,123,14:45,Douro,Lamares - Vila Real,Urze,Matos atlânticos,1.15,115.0,16.2,41.5,
2021-05-03,2021,5,123,14:45,Douro,Lamares - Vila Real,Herbáceas,Herbáceas,0.92,92.0,16.2,41.5,
2021-05-04,2021,5,124,14:20,Médio Tejo e Lezíria do tejo,Chamusca,Esteva,Matos mediterrânicos,1.36,136.0,27.6,41.5,
2021-05-04,2021,5,124,14:20,Médio Tejo e Lezíria do tejo,Chamusca,Tojo,Matos atlânticos,1.64,164.0,27.6,42.0,
2021-05-04,2021,5,124,15:20,Médio Tejo e Lezíria do tejo,Santarém,Tojo,Matos atlânticos,1.73,173.0,26.0,37.4,
2021-05-04,2021,5,124,15:20,Médio Tejo e Lezíria do tejo,Santarém,P. bravo,Pinhais,1.48,148.0,26.0,37.0,
2021-05-17,2021,5,137,14:15,AML e Alentejo Litoral,Ouressa - Sintra,Urze,Matos atlânticos,1.54,154.0,21.2,50.6,
2021-05-17,2021,5,137,14:15,AML e Alentejo Litoral,Ouressa - Sintra,Tojo,Matos atlânticos,1.61,161.0,21.2,50.6,
2021-05-17,2021,5,137,13:30,AML e Alentejo Litoral,Arrábida - Setúbal,Esteva,Matos mediterrânicos,1.25,125.0,27.0,39.4,
2021-05-17,2021,5,137,13:30,AML e Alentejo Litoral,Arrábida - Setúbal,Carrasco,Matos mediterrânicos,0.93,93.0,27.0,39.4,
2021-05-17,2021,5,137,15:00,Alto Tâmega e Terra de Trás-os-Montes,Anelhe - Chaves,Carqueja,Matos atlânticos,1.0194,101.94,22.0,44.0,
2021-05-17,2021,5,137,15:00,Alto Tâmega e Terra de Trás-os-Montes,Anelhe - Chaves,Urze,Matos atlânticos,1.3468,134.68,22.0,44.0,
2021-05-17,2021,5,137,15:00,Alto Tâmega e Terra de Trás-os-Montes,Anelhe - Chaves,Herbáceas,Herbáceas,1.3679,136.79,22.0,44.0,
2021-05-17,2021,5,137,14:40,Douro,Lamares - Vila Real,Carqueja,Matos atlânticos,1.64,164.0,20.6,33.0,
2021-05-17,2021,5,137,14:40,Douro,Lamares - Vila Real,Urze,Matos atlânticos,1.32,132.0,20.6,33.0,
2021-05-17,2021,5,137,14:40,Douro,Lamares - Vila Real,Herbáceas,Herbáceas,1.23,123.0,20.6,33.0,
2021-05-17,2021,5,137,12:45,Médio Tejo e Lezíria do tejo,Santarém,Tojo,Matos atlânticos,0.74,74.0,22.1,44.0,
2021-05-17,2021,5,137,12:45,Médio Tejo e Lezíria do tejo,Santarém,P. bravo,Pinhais,0.96,96.0,22.1,44.0,
2021-05-17,2021,5,137,13:40,Médio Tejo e Lezíria do tejo,Chamusca,Esteva,Matos mediterrânicos,0.74,74.0,25.7,38.0,
2021-05-17,2021,5,137,13:40,Médio Tejo e Lezíria do tejo,Chamusca,Tojo,Matos atlânticos,0.96,96.0,25.7,28.0,
2021-05-19,2021,5,139,14:00,Alto Minho e Cávado,Vile - Caminha,Carqueja,Matos atlânticos,1.09,109.0,19.1,45.0,
2021-05-19,2021,5,139,14:00,Alto Minho e Cávado,Vile - Caminha,Tojo,Matos atlânticos,2.15,215.0,19.1,45.0,
2021-05-19,2021,5,139,14:15,"Beira Baixa, Beiras e Serra da Estrela",Zona industrial,P. bravo,Pinhais,1.19,119.0,26.2,33.9,
2021-05-19,2021,5,139,14:45,"Beira Baixa, Beiras e Serra da Estrela",Olelas,Esteva,Matos mediterrânicos,1.29,129.0,27.6,19.9,
2021-05-19,2021,5,139,14:45,"Beira Baixa, Beiras e Serra da Estrela",Olelas,Urze,Matos atlânticos,0.92,92.0,27.6,19.9,
2021-05-19,2021,5,139,14:15,"Aveiro, Viseu e Dão Lafões",Granja - Castro Daire,Herbáceas,Herbáceas,1.491,149.1,22.6,37.5,
2021-05-19,2021,5,139,14:15,"Aveiro, Viseu e Dão Lafões",Granja - Castro Daire,Carqueja,Matos atlânticos,1.388,138.8,22.6,38.0,
2021-05-19,2021,5,139,14:15,"Aveiro, Viseu e Dão Lafões",Granja - Castro Daire,Urze,Matos atlânticos,1.194,119.4,22.6,38.0,
2021-05-19,2021,5,139,14:30,Tâmega e Sousa e Ave,Felgueira - Vale de Cambra,Carqueja,Matos atlânticos,1.91,191.0,18.4,60.1,
2021-05-19,2021,5,139,14:30,Tâmega e Sousa e Ave,Felgueira - Vale de Cambra,Urze,Matos atlânticos,1.48,148.0,18.4,60.1,
2021-05-19,2021,5,139,14:30,Tâmega e Sousa e Ave,Felgueira - Vale de Cambra,Tojo,Matos atlânticos,2.35,235.0,18.4,60.1,
2021-05-19,2021,5,139,14:30,Tâmega e Sousa e Ave,Felgueira - Vale de Cambra,Herbáceas,Herbáceas,2.18,218.0,18.4,60.1,
2021-05-19,2021,5,139,14:30,"Alto Alentejo, Alentejo Central e Baixo Alentejo",S.Penha - Portalegre,Esteva,Matos mediterrânicos,1.29,129.0,24.5,30.0,
2021-05-19,2021,5,139,14:30,"Alto Alentejo, Alentejo Central e Baixo Alentejo",S.Penha - Portalegre,Giesta,Giestais,1.33,133.0,24.5,30.0,
2021-05-20,2021,5,140,,AML e Alentejo Litoral,Faro,Esteva,Matos mediterrânicos,0.57,57.0,,,nucleo_faro_inconsistente
2021-05-24,2021,5,144,14:00,AML e Alentejo Litoral,Arrábida - Setúbal,Esteva,Matos mediterrânicos,1.3,130.0,24.5,49.0,
2021-05-24,2021,5,144,14:00,AML e Alentejo Litoral,Arrábida - Setúbal,Carrasco,Matos mediterrânicos,0.9,90.0,24.5,49.0,
2021-05-25,2021,5,145,14:15,"Beira Baixa, Beiras e Serra da Estrela",Zona industrial,P. bravo,Pinhais,1.18,118.0,27.6,36.0,
2021-05-25,2021,5,145,14:45,"Beira Baixa, Beiras e Serra da Estrela",Olelas,Esteva,Matos mediterrânicos,1.21,121.0,25.7,36.0,
2021-05-25,2021,5,145,14:45,"Beira Baixa, Beiras e Serra da Estrela",Olelas,Urze,Matos atlânticos,0.9,90.0,25.7,36.0,
2021-05-25,2021,5,145,,AML e Alentejo Litoral,Faro,Esteva,Matos mediterrânicos,0.57,57.0,,,nucleo_faro_inconsistente
2021-05-26,2021,5,146,14:45,Alto Tâmega e Terra de Trás-os-Montes,Anelhe - Chaves,Carqueja,Matos atlânticos,0.9,90.0,22.0,44.0,
2021-05-26,2021,5,146,14:45,Alto Tâmega e Terra de Trás-os-Montes,Anelhe - Chaves,Urze,Matos atlânticos,0.9,90.0,22.0,44.0,
2021-05-26,2021,5,146,14:45,Alto Tâmega e Terra de Trás-os-Montes,Anelhe - Chaves,Herbáceas,Herbáceas,1.09,109.0,22.0,44.0,
2021-05-26,2021,5,146,15:30,Alto Minho e Cávado,Vile - Caminha,Carqueja,Matos atlânticos,0.97,97.0,22.3,55.0,
2021-05-26,2021,5,146,15:30,Alto Minho e Cávado,Vile - Caminha,Herbáceas,Herbáceas,1.24,124.0,22.3,55.0,
2021-05-26,2021,5,146,15:30,Alto Minho e Cávado,Vile - Caminha,Tojo,Matos atlânticos,2.02,202.0,22.3,55.0,
2021-05-26,2021,5,146,14:00,Tâmega e Sousa e Ave,Felgueira - Vale de Cambra,Carqueja,Matos atlânticos,1.68,168.0,18.1,56.0,
2021-05-26,2021,5,146,14:00,Tâmega e Sousa e Ave,Felgueira - Vale de Cambra,Urze,Matos atlânticos,1.7,170.0,18.1,56.0,
2021-05-26,2021,5,146,14:00,Tâmega e Sousa e Ave,Felgueira - Vale de Cambra,Herbáceas,Herbáceas,2.54,254.0,18.1,56.0,
2021-05-26,2021,5,146,14:00,Tâmega e Sousa e Ave,Felgueira - Vale de Cambra,Tojo,Matos atlânticos,2.2,220.0,18.1,56.0,
2021-05-26,2021,5,146,14:00,"Aveiro, Viseu e Dão Lafões",Granja - Castro Daire,Herbáceas,Herbáceas,1.37,137.0,27.8,36.0,
2021-05-26,2021,5,146,14:00,"Aveiro, Viseu e Dão Lafões",Granja - Castro Daire,Carqueja,Matos atlânticos,1.33,133.0,27.8,36.0,
2021-05-26,2021,5,146,14:00,"Aveiro, Viseu e Dão Lafões",Granja - Castro Daire,Urze,Matos atlânticos,1.06,106.0,27.8,36.0,
2021-05-26,2021,5,146,14:00,"Aveiro, Viseu e Dão Lafões",Granja - Castro Daire,Tojo,Matos atlânticos,1.77,177.0,27.8,36.0,
2021-05-26,2021,5,146,14:35,Douro,Lamares - Vila Real,Carqueja,Matos atlânticos,1.65,165.0,24.0,36.0,
2021-05-26,2021,5,146,14:35,Douro,Lamares - Vila Real,Urze,Matos atlânticos,1.57,157.0,24.0,36.0,
2021-05-26,2021,5,146,14:35,Douro,Lamares - Vila Real,Herbáceas,Herbáceas,1.4,140.0,24.0,36.0,
2021-05-26,2021,5,146,14:45,"Alto Alentejo, Alentejo Central e Baixo Alentejo",S.Penha - Portalegre,Esteva,Matos mediterrânicos,1.16,116.0,28.9,30.0,
2021-05-26,2021,5,146,14:45,"Alto Alentejo, Alentejo Central e Baixo Alentejo",S.Penha - Portalegre,Giesta,Giestais,1.26,126.0,28.9,30.0,
2021-05-31,2021,5,151,14:40,Douro,Lamares - Vila Real,Carqueja,Matos atlânticos,1.66,166.0,23.7,42.0,
2021-05-31,2021,5,151,14:40,Douro,Lamares - Vila Real,Urze,Matos atlânticos,1.83,183.0,23.7,42.0,
2021-05-31,2021,5,151,14:40,Douro,Lamares - Vila Real,Herbáceas,Herbáceas,1.02,102.0,23.7,42.0,
2021-05-31,2021,5,151,14:30,AML e Alentejo Litoral,Ouressa - Sintra,Urze,Matos atlânticos,1.67,167.0,20.0,60.0,
2021-05-31,2021,5,151,14:30,AML e Alentejo Litoral,Ouressa - Sintra,Tojo,Matos atlânticos,1.25,125.0,20.0,60.0,
2021-05-31,2021,5,151,14:00,AML e Alentejo Litoral,Arrábida - Setúbal,Esteva,Matos mediterrânicos,1.22,122.0,22.9,58.0,
2021-05-31,2021,5,151,14:00,AML e Alentejo Litoral,Arrábida - Setúbal,Carrasco,Matos mediterrânicos,0.85,85.0,22.9,58.0,
2021-05-31,2021,5,151,14:30,Alto Tâmega e Terra de Trás-os-Montes,Anelhe - Chaves,Carqueja,Matos atlânticos,0.8219,82.19,24.3,41.0,
2021-05-31,2021,5,151,14:30,Alto Tâmega e Terra de Trás-os-Montes,Anelhe - Chaves,Urze,Matos atlânticos,1.3844,138.44,24.3,41.0,
2021-05-31,2021,5,151,14:30,Alto Tâmega e Terra de Trás-os-Montes,Anelhe - Chaves,Herbáceas,Herbáceas,1.3232,132.32,24.3,41.0,
2021-05-31,2021,5,151,14:30,"Alto Alentejo, Alentejo Central e Baixo Alentejo",S.Penha - Portalegre,Esteva,Matos mediterrânicos,1.0678,106.78,34.0,38.7,
2021-05-31,2021,5,151,14:30,"Alto Alentejo, Alentejo Central e Baixo Alentejo",S.Penha - Portalegre,Giesta,Giestais,1.3951,139.51,34.0,38.7,
2021-05-31,2021,5,151,14:00,Médio Tejo e Lezíria do tejo,Santarém,Tojo,Matos atlânticos,1.26,126.0,29.6,49.0,
2021-05-31,2021,5,151,14:00,Médio Tejo e Lezíria do tejo,Santarém,P. bravo,Pinhais,1.21,121.0,29.6,49.0,
2021-05-31,2021,5,151,14:45,Médio Tejo e Lezíria do tejo,Chamusca,Esteva,Matos mediterrânicos,1.2,120.0,28.9,46.0,
2021-05-31,2021,5,151,14:45,Médio Tejo e Lezíria do tejo,Chamusca,Tojo,Matos atlânticos,1.62,162.0,28.9,46.0,
2021-06-02,2021,6,153,14:15,Alto Tâmega e Terra de Trás-os-Montes,França - Bragança,Esteva,Matos mediterrânicos,1.7181,171.81,20.6,54.0,
2021-06-02,2021,6,153,14:15,Alto Tâmega e Terra de Trás-os-Montes,França - Bragança,Tojo,Matos atlânticos,1.5863,158.63,20.6,54.0,
2021-06-02,2021,6,153,14:15,Alto Tâmega e Terra de Trás-os-Montes,França - Bragança,Herbáceas,Herbáceas,1.8965,189.65,20.6,54.0,
2021-06-02,2021,6,153,14:00,"Aveiro, Viseu e Dão Lafões",Granja - Castro Daire,Herbáceas,Herbáceas,1.39,139.0,22.6,51.0,
2021-06-02,2021,6,153,14:00,"Aveiro, Viseu e Dão Lafões",Granja - Castro Daire,Carqueja,Matos atlânticos,1.447,144.7,22.6,51.0,
2021-06-02,2021,6,153,14:00,"Aveiro, Viseu e Dão Lafões",Granja - Castro Daire,Urze,Matos atlânticos,1.33,133.0,22.6,51.0,
2021-06-02,2021,6,153,14:00,"Aveiro, Viseu e Dão Lafões",Granja - Castro Daire,Tojo,Matos atlânticos,2.18,218.0,22.6,51.0,
2021-06-07,2021,6,158,14:40,"Alto Alentejo, Alentejo Central e Baixo Alentejo",S.Penha - Portalegre,Esteva,Matos mediterrânicos,1.023,102.3,31.8,25.8,
2021-06-07,2021,6,158,14:40,"Alto Alentejo, Alentejo Central e Baixo Alentejo",S.Penha - Portalegre,Giesta,Giestais,1.278,127.8,31.8,25.8,
2021-06-07,2021,6,158,14:30,Alto Tâmega e Terra de Trás-os-Montes,Anelhe - Chaves,Carqueja,Matos atlânticos,0.9966,99.66,30.8,32.2,
2021-06-07,2021,6,158,14:30,Alto Tâmega e Terra de Trás-os-Montes,Anelhe - Chaves,Urze,Matos atlânticos,1.1043,110.43,30.8,32.2,
2021-06-07,2021,6,158,14:30,Alto Tâmega e Terra de Trás-os-Montes,Anelhe - Chaves,Herbáceas,Herbáceas,1.3008,130.08,30.8,32.2,
2021-06-07,2021,6,158,14:30,Douro,Lamares - Vila Real,Carqueja,Matos atlânticos,1.37,137.0,29.0,32.0,
2021-06-07,2021,6,158,14:30,Douro,Lamares - Vila Real,Urze,Matos atlânticos,1.54,154.0,29.0,32.0,
2021-06-07,2021,6,158,14:30,Douro,Lamares - Vila Real,Herbáceas,Herbáceas,1.02,102.0,29.0,32.0,
2021-06-07,2021,6,158,14:12,AML e Alentejo Litoral,Ouressa - Sintra,Urze,Matos atlânticos,1.34,134.0,21.5,57.2,
2021-06-07,2021,6,158,14:12,AML e Alentejo Litoral,Ouressa - Sintra,Tojo,Matos atlânticos,1.1,110.0,21.5,57.0,
2021-06-07,2021,6,158,15:00,AML e Alentejo Litoral,Arrábida - Setúbal,Esteva,Matos mediterrânicos,1.04,104.0,30.4,34.7,
2021-06-07,2021,6,158,15:00,AML e Alentejo Litoral,Arrábida - Setúbal,Carrasco,Matos mediterrânicos,0.75,75.0,30.4,35.0,
2021-06-07,2021,6,158,14:15,"Beira Baixa, Beiras e Serra da Estrela",Zona industrial,P. bravo,Pinhais,1.27,127.0,35.6,23.5,
2021-06-07,2021,6,158,14:45,"Beira Baixa, Beiras e Serra da Estrela",Olelas,Esteva,Matos mediterrânicos,1.13,113.0,32.8,22.8,
2021-06-07,2021,6,158,14:45,"Beira Baixa, Beiras e Serra da Estrela",Olelas,Urze,Matos atlânticos,0.87,87.0,32.8,22.8,
2021-06-07,2021,6,158,13:40,Médio Tejo e Lezíria do tejo,Chamusca,Esteva,Matos mediterrânicos,0.96,96.0,27.8,44.6,
2021-06-07,2021,6,158,13:40,Médio Tejo e Lezíria do tejo,Chamusca,Tojo,Matos atlânticos,1.04,104.0,27.8,44.6,
2021-06-07,2021,6,158,14:40,Médio Tejo e Lezíria do tejo,Santarém,Tojo,Matos atlânticos,1.26,126.0,29.0,41.4,
2021-06-07,2021,6,158,14:40,Médio Tejo e Lezíria do tejo,Santarém,P. bravo,Pinhais,1.68,168.0,29.0,41.4,
2021-06-08,2021,6,159,14:00,"Aveiro, Viseu e Dão Lafões",Granja - Castro Daire,Herbáceas,Herbáceas,1.06,106.0,29.6,34.0,
2021-06-08,2021,6,159,14:00,"Aveiro, Viseu e Dão Lafões",Granja - Castro Daire,Carqueja,Matos atlânticos,0.83,83.0,29.6,34.0,
2021-06-08,2021,6,159,14:00,"Aveiro, Viseu e Dão Lafões",Granja - Castro Daire,Urze,Matos atlânticos,0.86,86.0,29.6,34.0,
2021-06-08,2021,6,159,14:00,"Aveiro, Viseu e Dão Lafões",Granja - Castro Daire,Tojo,Matos atlânticos,1.35,135.0,29.6,34.0,
2021-06-08,2021,6,159,14:00,Tâmega e Sousa e Ave,Felgueira - Vale de Cambra,Herbáceas,Herbáceas,1.35,135.0,22.0,24.0,
2021-06-08,2021,6,159,14:00,Tâmega e Sousa e Ave,Felgueira - Vale de Cambra,Carqueja,Matos atlânticos,1.6,160.0,22.0,24.0,
2021-06-08,2021,6,159,14:00,Tâmega e Sousa e Ave,Felgueira - Vale de Cambra,Urze,Matos atlânticos,1.28,128.0,22.0,24.0,
2021-06-08,2021,6,159,14:00,Tâmega e Sousa e Ave,Felgueira - Vale de Cambra,Tojo,Matos atlânticos,1.82,182.0,22.0,24.0,
2021-06-09,2021,6,160,14:00,Alto Tâmega e Terra de Trás-os-Montes,França - Bragança,Esteva,Matos mediterrânicos,1.4567,145.67,31.9,30.0,
2021-06-09,2021,6,160,14:00,Alto Tâmega e Terra de Trás-os-Montes,França - Bragança,Tojo,Matos atlânticos,1.3255,132.55,31.9,30.0,
2021-06-09,2021,6,160,14:00,Alto Tâmega e Terra de Trás-os-Montes,França - Bragança,Herbáceas,Herbáceas,1.8101,181.01,31.9,30.0,
2021-06-14,2021,6,165,14:00,"Alto Alentejo, Alentejo Central e Baixo Alentejo",S.Penha - Portalegre,Esteva,Matos mediterrânicos,0.9583,95.83,30.7,39.0,
2021-06-14,2021,6,165,14:00,"Alto Alentejo, Alentejo Central e Baixo Alentejo",S.Penha - Portalegre,Giesta,Giestais,1.025,102.5,30.7,39.0,
2021-06-15,2021,6,166,14:30,Alto Tâmega e Terra de Trás-os-Montes,Anelhe - Chaves,Carqueja,Matos atlânticos,0.9191,91.91,32.0,33.0,
2021-06-15,2021,6,166,14:30,Alto Tâmega e Terra de Trás-os-Montes,Anelhe - Chaves,Urze,Matos atlânticos,0.9543,95.43,32.0,33.0,
2021-06-15,2021,6,166,14:30,Alto Tâmega e Terra de Trás-os-Montes,Anelhe - Chaves,Herbáceas,Herbáceas,0.8963,89.63,32.0,33.0,
2021-06-23,2021,6,174,14:30,Douro,Lamares - Vila Real,Carqueja,Matos atlânticos,1.27,127.0,20.0,48.0,
2021-06-23,2021,6,174,14:30,Douro,Lamares - Vila Real,Urze,Matos atlânticos,1.19,119.0,20.0,48.0,
2021-06-23,2021,6,174,14:15,"Alto Alentejo, Alentejo Central e Baixo Alentejo",S.Penha - Portalegre,Esteva,Matos mediterrânicos,1.0833,108.33,27.0,36.5,
2021-06-23,2021,6,174,14:15,"Alto Alentejo, Alentejo Central e Baixo Alentejo",S.Penha - Portalegre,Giesta,Giestais,1.0919,109.19,27.0,36.5,
2021-06-23,2021,6,174,14:15,"Aveiro, Viseu e Dão Lafões",Granja - Castro Daire,Herbáceas,Herbáceas,0.91,91.0,23.0,43.0,
2021-06-23,2021,6,174,14:15,"Aveiro, Viseu e Dão Lafões",Granja - Castro Daire,Carqueja,Matos atlânticos,1.14,114.0,23.0,43.0,
2021-06-23,2021,6,174,14:15,"Aveiro, Viseu e Dão Lafões",Granja - Castro Daire,Urze,Matos atlânticos,1.19,119.0,23.0,43.0,
2021-06-23,2021,6,174,14:15,"Aveiro, Viseu e Dão Lafões",Granja - Castro Daire,Tojo,Matos atlânticos,1.73,173.0,23.0,43.0,
2021-06-23,2021,6,174,14:00,Tâmega e Sousa e Ave,Felgueira - Vale de Cambra,Carqueja,Matos atlânticos,1.53,153.0,17.0,59.7,
2021-06-23,2021,6,174,14:00,Tâmega e Sousa e Ave,Felgueira - Vale de Cambra,Urze,Matos atlânticos,1.52,152.0,17.0,59.7,
2021-06-23,2021,6,174,14:00,Tâmega e Sousa e Ave,Felgueira - Vale de Cambra,Tojo,Matos atlânticos,1.83,183.0,17.0,59.7,
2021-06-23,2021,6,174,14:00,Tâmega e Sousa e Ave,Felgueira - Vale de Cambra,Herbáceas,Herbáceas,1.55,155.0,17.0,59.7,
2021-06-29,2021,6,180,14:30,Alto Tâmega e Terra de Trás-os-Montes,Anelhe - Chaves,Carqueja,Matos atlânticos,0.8193,81.93,24.3,41.9,
2021-06-29,2021,6,180,14:30,Alto Tâmega e Terra de Trás-os-Montes,Anelhe - Chaves,Urze,Matos atlânticos,0.936,93.6,24.3,41.9,
2021-06-29,2021,6,180,14:30,Alto Tâmega e Terra de Trás-os-Montes,Anelhe - Chaves,Herbáceas,Herbáceas,0.7183,71.83,24.3,41.9,
2021-06-29,2021,6,180,15:30,Alto Minho e Cávado,Vile - Caminha,Carqueja,Matos atlânticos,0.997509782995374,99.75,19.3,62.1,
2021-06-29,2021,6,180,15:30,Alto Minho e Cávado,Vile - Caminha,Herbáceas,Herbáceas,1.06894447834046,106.89,19.3,62.1,
2021-06-29,2021,6,180,15:30,Alto Minho e Cávado,Vile - Caminha,Urze,Matos atlânticos,0.937194127243065,93.72,19.3,62.1,
2021-06-29,2021,6,180,15:30,Alto Minho e Cávado,Vile - Caminha,Tojo,Matos atlânticos,1.82261640798227,182.26,19.3,62.1,
2021-06-29,2021,6,180,14:15,"Beira Baixa, Beiras e Serra da Estrela",Zona industrial,P. bravo,Pinhais,1.3,130.0,30.6,28.0,
2021-06-29,2021,6,180,14:45,"Beira Baixa, Beiras e Serra da Estrela",Olelas,Esteva,Matos mediterrânicos,0.94,94.0,31.8,22.0,
2021-06-29,2021,6,180,14:45,"Beira Baixa, Beiras e Serra da Estrela",Olelas,Urze,Matos atlânticos,0.71,71.0,31.8,22.0,
2021-06-30,2021,6,181,14:30,"Alto Alentejo, Alentejo Central e Baixo Alentejo",S.Penha - Portalegre,Esteva,Matos mediterrânicos,0.91,91.0,29.3,28.0,
2021-06-30,2021,6,181,14:30,"Alto Alentejo, Alentejo Central e Baixo Alentejo",S.Penha - Portalegre,Giesta,Giestais,1.16,116.0,29.3,28.0,
2021-07-01,2021,7,182,14:00,Tâmega e Sousa e Ave,Felgueira - Vale de Cambra,Carqueja,Matos atlânticos,1.35,135.0,21.3,63.2,
2021-07-01,2021,7,182,14:00,Tâmega e Sousa e Ave,Felgueira - Vale de Cambra,Urze,Matos atlânticos,1.49,149.0,21.3,63.2,
2021-07-01,2021,7,182,14:00,Tâmega e Sousa e Ave,Felgueira - Vale de Cambra,Herbáceas,Herbáceas,1.46,146.0,21.3,63.2,
2021-07-01,2021,7,182,14:00,Tâmega e Sousa e Ave,Felgueira - Vale de Cambra,Tojo,Matos atlânticos,1.85,185.0,21.3,63.2,
2021-07-01,2021,7,182,14:00,"Aveiro, Viseu e Dão Lafões",Granja - Castro Daire,Carqueja,Matos atlânticos,1.03,103.0,30.0,35.0,
2021-07-01,2021,7,182,14:00,"Aveiro, Viseu e Dão Lafões",Granja - Castro Daire,Urze,Matos atlânticos,1.22,122.0,30.0,35.0,
2021-07-01,2021,7,182,14:00,"Aveiro, Viseu e Dão Lafões",Granja - Castro Daire,Herbáceas,Herbáceas,0.83,83.0,30.0,35.0,
2021-07-01,2021,7,182,14:00,"Aveiro, Viseu e Dão Lafões",Granja - Castro Daire,Tojo,Matos atlânticos,1.53,153.0,30.0,35.0,
2021-07-05,2021,7,186,14:40,"Alto Alentejo, Alentejo Central e Baixo Alentejo",S.Penha - Portalegre,Esteva,Matos mediterrânicos,0.934,93.4,28.8,47.7,
2021-07-05,2021,7,186,14:40,"Alto Alentejo, Alentejo Central e Baixo Alentejo",S.Penha - Portalegre,Giesta,Giestais,0.837,83.7,28.8,47.7,
2021-07-05,2021,7,186,14:20,Alto Tâmega e Terra de Trás-os-Montes,Anelhe - Chaves,Carqueja,Matos atlânticos,0.8414,84.14,22.8,60.2,
2021-07-05,2021,7,186,14:20,Alto Tâmega e Terra de Trás-os-Montes,Anelhe - Chaves,Urze,Matos atlânticos,0.7119,71.19,22.8,60.2,
2021-07-05,2021,7,186,14:20,Alto Tâmega e Terra de Trás-os-Montes,Anelhe - Chaves,Herbáceas,Herbáceas,0.8047,80.47,22.8,60.2,
2021-07-05,2021,7,186,14:35,Douro,Lamares - Vila Real,Carqueja,Matos atlânticos,1.55,155.0,24.3,45.0,
2021-07-05,2021,7,186,14:35,Douro,Lamares - Vila Real,Urze,Matos atlânticos,1.19,119.0,24.3,45.0,
2021-07-05,2021,7,186,14:35,Douro,Lamares - Vila Real,Herbáceas,Herbáceas,0.69,69.0,24.3,45.0,
2021-07-05,2021,7,186,15:00,AML e Alentejo Litoral,Ouressa - Sintra,Urze,Matos atlânticos,1.57,157.0,24.3,55.9,
2021-07-05,2021,7,186,15:00,AML e Alentejo Litoral,Ouressa - Sintra,Tojo,Matos atlânticos,1.4,140.0,24.3,55.9,
2021-07-05,2021,7,186,14:00,AML e Alentejo Litoral,Arrábida - Setúbal,Esteva,Matos mediterrânicos,0.895,89.5,25.6,55.7,
2021-07-05,2021,7,186,14:00,AML e Alentejo Litoral,Arrábida - Setúbal,Carrasco,Matos mediterrânicos,0.785,78.5,25.6,55.7,
2021-07-07,2021,7,188,14:30,"Aveiro, Viseu e Dão Lafões",Granja - Castro Daire,Carqueja,Matos atlânticos,1.3,130.0,24.8,43.3,
2021-07-07,2021,7,188,14:30,"Aveiro, Viseu e Dão Lafões",Granja - Castro Daire,Urze,Matos atlânticos,1.2,120.0,24.8,43.3,
2021-07-07,2021,7,188,14:30,"Aveiro, Viseu e Dão Lafões",Granja - Castro Daire,Herbáceas,Herbáceas,0.91,91.0,24.8,43.3,
2021-07-07,2021,7,188,14:30,"Aveiro, Viseu e Dão Lafões",Granja - Castro Daire,Tojo,Matos atlânticos,1.57,157.0,24.8,43.3,
2021-07-08,2021,7,189,14:15,"Beira Baixa, Beiras e Serra da Estrela",Zona industrial,P. bravo,Pinhais,1.23,123.0,35.3,24.2,
2021-07-08,2021,7,189,14:45,"Beira Baixa, Beiras e Serra da Estrela",Olelas,Esteva,Matos mediterrânicos,0.85,85.0,34.7,22.9,
2021-07-08,2021,7,189,14:45,"Beira Baixa, Beiras e Serra da Estrela",Olelas,Urze,Matos atlânticos,0.82,82.0,34.7,23.0,
2021-07-12,2021,7,193,14:40,Douro,Lamares - Vila Real,Carqueja,Matos atlânticos,1.37,137.0,22.5,38.0,
2021-07-12,2021,7,193,14:40,Douro,Lamares - Vila Real,Urze,Matos atlânticos,1.21,121.0,22.5,38.0,
2021-07-12,2021,7,193,14:40,Douro,Lamares - Vila Real,Herbáceas,Herbáceas,0.72,72.0,22.5,38.0,
2021-07-12,2021,7,193,14:15,"Aveiro, Viseu e Dão Lafões",Granja - Castro Daire,Carqueja,Matos atlânticos,1.03,103.0,22.6,49.1,
2021-07-12,2021,7,193,14:15,"Aveiro, Viseu e Dão Lafões",Granja - Castro Daire,Urze,Matos atlânticos,1.2,120.0,22.6,49.1,
2021-07-12,2021,7,193,14:15,"Aveiro, Viseu e Dão Lafões",Granja - Castro Daire,Herbáceas,Herbáceas,0.83,83.0,22.6,49.1,
2021-07-12,2021,7,193,14:15,"Aveiro, Viseu e Dão Lafões",Granja - Castro Daire,Tojo,Matos atlânticos,1.52,152.0,22.6,49.1,
2021-07-12,2021,7,193,14:30,Alto Tâmega e Terra de Trás-os-Montes,Anelhe - Chaves,Carqueja,Matos atlânticos,0.7538,75.38,22.9,40.2,
2021-07-13,2021,7,194,15:30,Alto Tâmega e Terra de Trás-os-Montes,Anelhe - Chaves,Urze,Matos atlânticos,0.638,63.8,22.9,40.2,
2021-07-13,2021,7,194,14:00,Alto Minho e Cávado,Vile - Caminha,Carqueja,Matos atlânticos,0.94,94.0,22.4,59.3,
2021-07-13,2021,7,194,14:00,Alto Minho e Cávado,Vile - Caminha,Herbáceas,Herbáceas,1.02,102.0,22.4,59.3,
2021-07-13,2021,7,194,14:00,Alto Minho e Cávado,Vile - Caminha,Urze,Matos atlânticos,0.93,93.0,22.4,59.3,
2021-07-13,2021,7,194,14:00,Alto Minho e Cávado,Vile - Caminha,Tojo,Matos atlânticos,1.73,173.0,22.4,59.3,
2021-07-13,2021,7,194,14:40,"Alto Alentejo, Alentejo Central e Baixo Alentejo",S.Penha - Portalegre,Esteva,Matos mediterrânicos,0.8029,80.29,31.0,24.8,
2021-07-13,2021,7,194,14:40,"Alto Alentejo, Alentejo Central e Baixo Alentejo",S.Penha - Portalegre,Giesta,Giestais,0.9245,92.45,31.0,24.8,
2021-07-14,2021,7,195,16:30,Alto Tâmega e Terra de Trás-os-Montes,Anelhe - Chaves,Herbáceas,Herbáceas,0.646,64.6,22.9,40.2,
2021-07-14,2021,7,195,14:15,"Beira Baixa, Beiras e Serra da Estrela",Zona industrial,P. bravo,Pinhais,1.37,137.0,32.8,22.3,
2021-07-14,2021,7,195,14:45,"Beira Baixa, Beiras e Serra da Estrela",Olelas,Esteva,Matos mediterrânicos,0.87,87.0,31.7,20.4,
2021-07-14,2021,7,195,14:45,"Beira Baixa, Beiras e Serra da Estrela",Olelas,Urze,Matos atlânticos,0.39,39.0,31.7,20.4,
2021-07-14,2021,7,195,14:54,Alto Tâmega e Terra de Trás-os-Montes,França - Bragança,Esteva,Matos mediterrânicos,1.0933,109.33,30.2,27.9,
2021-07-14,2021,7,195,14:54,Alto Tâmega e Terra de Trás-os-Montes,França - Bragança,Tojo,Matos atlânticos,0.9706,97.06,30.2,27.9,
2021-07-14,2021,7,195,14:54,Alto Tâmega e Terra de Trás-os-Montes,França - Bragança,Herbáceas,Herbáceas,0.6218,62.18,30.2,27.9,
2021-07-19,2021,7,200,14:45,Alto Tâmega e Terra de Trás-os-Montes,Anelhe - Chaves,Carqueja,Matos atlânticos,0.7011,70.11,33.6,25.6,
2021-07-19,2021,7,200,14:45,Alto Tâmega e Terra de Trás-os-Montes,Anelhe - Chaves,Urze,Matos atlânticos,0.5652,56.52,33.6,25.6,
2021-07-19,2021,7,200,14:45,Alto Tâmega e Terra de Trás-os-Montes,Anelhe - Chaves,Herbáceas,Herbáceas,0.5261,52.61,33.6,25.6,
2021-07-19,2021,7,200,14:34,Douro,Lamares - Vila Real,Carqueja,Matos atlânticos,0.91,91.0,31.06,29.0,
2021-07-19,2021,7,200,14:34,Douro,Lamares - Vila Real,Urze,Matos atlânticos,1.13,113.0,31.06,29.0,
2021-07-19,2021,7,200,14:34,Douro,Lamares - Vila Real,Herbáceas,Herbáceas,0.52,52.0,31.06,29.0,
2021-07-19,2021,7,200,14:40,"Alto Alentejo, Alentejo Central e Baixo Alentejo",S.Penha - Portalegre,Esteva,Matos mediterrânicos,0.8304,83.04,34.7,36.4,
2021-07-19,2021,7,200,14:40,"Alto Alentejo, Alentejo Central e Baixo Alentejo",S.Penha - Portalegre,Giesta,Giestais,0.9029,90.29,34.7,36.4,
2021-07-20,2021,7,201,14:15,"Aveiro, Viseu e Dão Lafões",Granja - Castro Daire,Carqueja,Matos atlânticos,0.943,94.3,28.7,47.6,
2021-07-20,2021,7,201,14:15,"Aveiro, Viseu e Dão Lafões",Granja - Castro Daire,Urze,Matos atlânticos,1.08,108.0,28.7,47.6,
2021-07-20,2021,7,201,14:15,"Aveiro, Viseu e Dão Lafões",Granja - Castro Daire,Herbáceas,Herbáceas,0.66,66.0,28.7,47.6,
2021-07-20,2021,7,201,14:15,"Aveiro, Viseu e Dão Lafões",Granja - Castro Daire,Tojo,Matos atlânticos,1.24,124.0,28.7,48.0,
2021-07-20,2021,7,201,14:00,Tâmega e Sousa e Ave,Felgueira - Vale de Cambra,Carqueja,Matos atlânticos,1.31,131.0,22.8,63.0,
2021-07-20,2021,7,201,14:00,Tâmega e Sousa e Ave,Felgueira - Vale de Cambra,Urze,Matos atlânticos,1.25,125.0,22.8,63.2,
2021-07-20,2021,7,201,14:00,Tâmega e Sousa e Ave,Felgueira - Vale de Cambra,Herbáceas,Herbáceas,1.3,130.0,22.8,63.2,
2021-07-20,2021,7,201,14:00,Tâmega e Sousa e Ave,Felgueira - Vale de Cambra,Tojo,Matos atlânticos,1.57,157.0,22.8,63.2,
2021-07-21,2021,7,202,14:00,Alto Minho e Cávado,Vile - Caminha,Carqueja,Matos atlânticos,1.14,114.0,20.5,85.5,
2021-07-21,2021,7,202,14:00,Alto Minho e Cávado,Vile - Caminha,Herbáceas,Herbáceas,0.92,92.0,20.5,85.5,
2021-07-21,2021,7,202,14:00,Alto Minho e Cávado,Vile - Caminha,Urze,Matos atlânticos,1.0,100.0,20.5,85.5,
2021-07-21,2021,7,202,14:00,Alto Minho e Cávado,Vile - Caminha,Tojo,Matos atlânticos,1.7,170.0,20.5,85.5,
2021-07-21,2021,7,202,14:15,"Beira Baixa, Beiras e Serra da Estrela",Zona industrial,P. bravo,Pinhais,1.45,145.0,32.0,31.9,
2021-07-21,2021,7,202,14:45,"Beira Baixa, Beiras e Serra da Estrela",Olelas,Esteva,Matos mediterrânicos,0.83,83.0,31.3,26.4,
2021-07-21,2021,7,202,14:45,"Beira Baixa, Beiras e Serra da Estrela",Olelas,Urze,Matos atlânticos,0.52,52.0,31.3,26.4,
2021-07-21,2021,7,202,14:45,Alto Tâmega e Terra de Trás-os-Montes,França - Bragança,Tojo,Matos atlânticos,1.2004,120.04,33.7,28.4,
2021-07-21,2021,7,202,14:45,Alto Tâmega e Terra de Trás-os-Montes,França - Bragança,Esteva,Matos mediterrânicos,1.0092,100.92,33.7,28.4,
2021-07-21,2021,7,202,14:45,Alto Tâmega e Terra de Trás-os-Montes,França - Bragança,Herbáceas,Herbáceas,0.2999,29.99,33.7,28.4,
2021-07-26,2021,7,207,14:30,Alto Tâmega e Terra de Trás-os-Montes,Anelhe - Chaves,Carqueja,Matos atlânticos,0.7467,74.67,28.8,39.9,
2021-07-26,2021,7,207,14:30,Alto Tâmega e Terra de Trás-os-Montes,Anelhe - Chaves,Urze,Matos atlânticos,0.7391,73.91,28.8,39.9,
2021-07-26,2021,7,207,14:30,Alto Tâmega e Terra de Trás-os-Montes,Anelhe - Chaves,Herbáceas,Herbáceas,0.4215,42.15,28.8,39.9,
2021-07-26,2021,7,207,14:40,Douro,Lamares - Vila Real,Carqueja,Matos atlânticos,1.03,103.0,29.7,23.0,
2021-07-26,2021,7,207,14:40,Douro,Lamares - Vila Real,Urze,Matos atlânticos,0.92,92.0,29.7,23.0,
2021-07-26,2021,7,207,14:40,Douro,Lamares - Vila Real,Herbáceas,Herbáceas,0.39,39.0,29.7,23.0,
2021-07-26,2021,7,207,14:30,"Alto Alentejo, Alentejo Central e Baixo Alentejo",S.Penha - Portalegre,Esteva,Matos mediterrânicos,0.7785,77.85,32.0,29.2,
2021-07-26,2021,7,207,14:30,"Alto Alentejo, Alentejo Central e Baixo Alentejo",S.Penha - Portalegre,Giesta,Giestais,0.8252,82.52,32.0,29.2,
2021-07-27,2021,7,208,14:00,Alto Minho e Cávado,Vile - Caminha,Carqueja,Matos atlânticos,1.0,100.0,25.2,62.5,
2021-07-27,2021,7,208,14:00,Alto Minho e Cávado,Vile - Caminha,Herbáceas,Herbáceas,0.61,61.0,25.2,62.5,
2021-07-27,2021,7,208,14:00,Alto Minho e Cávado,Vile - Caminha,Urze,Matos atlânticos,0.68,68.0,25.2,62.5,
2021-07-27,2021,7,208,14:00,Alto Minho e Cávado,Vile - Caminha,Tojo,Matos atlânticos,1.48,148.0,25.2,62.5,
2021-07-27,2021,7,208,14:15,"Beira Baixa, Beiras e Serra da Estrela",Zona industrial,P. bravo,Pinhais,1.26,126.0,34.5,25.7,
2021-07-27,2021,7,208,14:45,"Beira Baixa, Beiras e Serra da Estrela",Olelas,Esteva,Matos mediterrânicos,0.9,90.0,32.2,28.1,
2021-07-27,2021,7,208,14:45,"Beira Baixa, Beiras e Serra da Estrela",Olelas,Urze,Matos atlânticos,0.53,53.0,32.2,28.1,
2021-07-27,2021,7,208,14:00,"Aveiro, Viseu e Dão Lafões",Granja - Castro Daire,Carqueja,Matos atlânticos,0.85,85.0,30.0,42.2,
2021-07-27,2021,7,208,14:00,"Aveiro, Viseu e Dão Lafões",Granja - Castro Daire,Urze,Matos atlânticos,1.18,118.0,30.0,42.2,
2021-07-27,2021,7,208,14:00,"Aveiro, Viseu e Dão Lafões",Granja - Castro Daire,Herbáceas,Herbáceas,0.54,54.0,30.0,42.2,
2021-07-27,2021,7,208,14:00,"Aveiro, Viseu e Dão Lafões",Granja - Castro Daire,Tojo,Matos atlânticos,1.23,123.0,30.0,42.2,
2021-07-27,2021,7,208,14:00,Tâmega e Sousa e Ave,Felgueira - Vale de Cambra,Carqueja,Matos atlânticos,1.12,112.0,21.0,49.0,
2021-07-27,2021,7,208,14:00,Tâmega e Sousa e Ave,Felgueira - Vale de Cambra,Urze,Matos atlânticos,1.24,124.0,21.0,49.0,
2021-07-27,2021,7,208,14:00,Tâmega e Sousa e Ave,Felgueira - Vale de Cambra,Herbáceas,Herbáceas,0.93,93.0,21.0,49.0,
2021-07-27,2021,7,208,14:00,Tâmega e Sousa e Ave,Felgueira - Vale de Cambra,Tojo,Matos atlânticos,1.46,146.0,21.0,49.0,
2021-07-28,2021,7,209,14:30,Alto Tâmega e Terra de Trás-os-Montes,França - Bragança,Tojo,Matos atlânticos,0.7429,74.29,27.3,39.2,
2021-07-28,2021,7,209,14:30,Alto Tâmega e Terra de Trás-os-Montes,França - Bragança,Esteva,Matos mediterrânicos,0.8821,88.21,27.3,39.2,
2021-07-28,2021,7,209,14:30,Alto Tâmega e Terra de Trás-os-Montes,França - Bragança,Herbáceas,Herbáceas,0.1322,13.22,27.3,39.2,
2021-08-02,2021,8,214,14:30,"Alto Alentejo, Alentejo Central e Baixo Alentejo",S.Penha - Portalegre,Esteva,Matos mediterrânicos,0.7656,76.56,31.4,33.0,
2021-08-02,2021,8,214,14:30,"Alto Alentejo, Alentejo Central e Baixo Alentejo",S.Penha - Portalegre,Giesta,Giestais,0.8534,85.34,31.4,33.0,
2021-08-03,2021,8,215,14:00,Alto Minho e Cávado,Vile - Caminha,Carqueja,Matos atlânticos,0.89,89.0,24.4,55.7,
2021-08-03,2021,8,215,14:00,Alto Minho e Cávado,Vile - Caminha,Herbáceas,Herbáceas,0.59,59.0,24.4,55.7,
2021-08-03,2021,8,215,14:00,Alto Minho e Cávado,Vile - Caminha,Urze,Matos atlânticos,0.77,77.0,24.4,55.7,
2021-08-03,2021,8,215,14:00,Alto Minho e Cávado,Vile - Caminha,Tojo,Matos atlânticos,1.56,156.0,24.4,55.7,
2021-08-03,2021,8,215,14:15,"Beira Baixa, Beiras e Serra da Estrela",Zona industrial,P. bravo,Pinhais,1.42,142.0,34.7,29.5,
2021-08-03,2021,8,215,14:45,"Beira Baixa, Beiras e Serra da Estrela",Olelas,Esteva,Matos mediterrânicos,0.92,92.0,33.3,26.6,
2021-08-03,2021,8,215,14:45,"Beira Baixa, Beiras e Serra da Estrela",Olelas,Urze,Matos atlânticos,0.63,63.0,33.3,26.6,
2021-08-03,2021,8,215,14:15,Alto Tâmega e Terra de Trás-os-Montes,Anelhe - Chaves,Carqueja,Matos atlânticos,0.6268,62.68,28.0,44.5,
2021-08-03,2021,8,215,14:45,Alto Tâmega e Terra de Trás-os-Montes,Anelhe - Chaves,Urze,Matos atlânticos,0.6768,67.68,28.0,44.5,
2021-08-03,2021,8,215,14:45,Alto Tâmega e Terra de Trás-os-Montes,Anelhe - Chaves,Herbáceas,Herbáceas,0.513,51.3,28.0,44.5,
2021-08-03,2021,8,215,14:30,Tâmega e Sousa e Ave,Felgueira - Vale de Cambra,Carqueja,Matos atlânticos,1.16,116.0,17.0,69.0,
2021-08-03,2021,8,215,14:30,Tâmega e Sousa e Ave,Felgueira - Vale de Cambra,Urze,Matos atlânticos,0.67,67.0,17.0,69.0,
2021-08-03,2021,8,215,14:30,Tâmega e Sousa e Ave,Felgueira - Vale de Cambra,Herbáceas,Herbáceas,0.26,26.0,17.0,69.0,
2021-08-03,2021,8,215,14:30,Tâmega e Sousa e Ave,Felgueira - Vale de Cambra,Tojo,Matos atlânticos,1.32,132.0,17.0,69.0,
2021-08-03,2021,8,215,14:00,"Aveiro, Viseu e Dão Lafões",Granja - Castro Daire,Carqueja,Matos atlânticos,0.55,55.0,28.9,40.0,
2021-08-03,2021,8,215,14:00,"Aveiro, Viseu e Dão Lafões",Granja - Castro Daire,Urze,Matos atlânticos,0.76,76.0,28.9,40.0,
2021-08-03,2021,8,215,14:00,"Aveiro, Viseu e Dão Lafões",Granja - Castro Daire,Herbáceas,Herbáceas,0.22,22.0,28.9,40.0,
2021-08-03,2021,8,215,14:00,"Aveiro, Viseu e Dão Lafões",Granja - Castro Daire,Tojo,Matos atlânticos,1.43,143.0,30.0,40.0,
2021-08-04,2021,8,216,14:45,Douro,Lamares - Vila Real,Carqueja,Matos atlânticos,0.93,93.0,34.7,47.0,
2021-08-04,2021,8,216,14:45,Douro,Lamares - Vila Real,Urze,Matos atlânticos,0.94,94.0,34.7,47.0,
2021-08-04,2021,8,216,14:45,Douro,Lamares - Vila Real,Herbáceas,Herbáceas,0.09,9.0,34.7,47.0,
2021-08-06,2021,8,218,14:30,Alto Tâmega e Terra de Trás-os-Montes,França - Bragança,Tojo,Matos atlânticos,0.6908,69.08,,,
2021-08-06,2021,8,218,14:30,Alto Tâmega e Terra de Trás-os-Montes,França - Bragança,Esteva,Matos mediterrânicos,0.9481,94.81,,,
2021-08-09,2021,8,221,14:45,Alto Tâmega e Terra de Trás-os-Montes,Anelhe - Chaves,Carqueja,Matos atlânticos,0.7616,76.16,29.5,32.6,
2021-08-09,2021,8,221,14:45,Alto Tâmega e Terra de Trás-os-Montes,Anelhe - Chaves,Urze,Matos atlânticos,0.8706,87.06,29.5,32.6,
2021-08-09,2021,8,221,13:30,Douro,Lamares - Vila Real,Carqueja,Matos atlânticos,1.01,101.0,27.8,36.0,
2021-08-09,2021,8,221,13:30,Douro,Lamares - Vila Real,Urze,Matos atlânticos,1.06,106.0,27.8,36.0,
2021-08-11,2021,8,223,14:30,Tâmega e Sousa e Ave,Felgueira - Vale de Cambra,Carqueja,Matos atlânticos,1.26,126.0,26.0,59.0,
2021-08-11,2021,8,223,14:30,Tâmega e Sousa e Ave,Felgueira - Vale de Cambra,Urze,Matos atlânticos,1.13,113.0,26.0,59.0,
2021-08-11,2021,8,223,14:30,Tâmega e Sousa e Ave,Felgueira - Vale de Cambra,Herbáceas,Herbáceas,0.8,80.0,26.0,59.0,
2021-08-11,2021,8,223,14:30,Tâmega e Sousa e Ave,Felgueira - Vale de Cambra,Tojo,Matos atlânticos,1.46,146.0,26.0,59.0,
2021-08-11,2021,8,223,14:00,"Aveiro, Viseu e Dão Lafões",Granja - Castro Daire,Carqueja,Matos atlânticos,0.85,85.0,36.6,26.7,
2021-08-11,2021,8,223,14:00,"Aveiro, Viseu e Dão Lafões",Granja - Castro Daire,Urze,Matos atlânticos,0.87,87.0,36.6,26.7,
2021-08-11,2021,8,223,14:00,"Aveiro, Viseu e Dão Lafões",Granja - Castro Daire,Herbáceas,Herbáceas,0.43,43.0,36.6,26.7,
2021-08-11,2021,8,223,14:00,"Aveiro, Viseu e Dão Lafões",Granja - Castro Daire,Tojo,Matos atlânticos,1.12,112.0,36.6,26.7,
2021-08-12,2021,8,224,14:15,"Beira Baixa, Beiras e Serra da Estrela",Zona industrial,P. bravo,Pinhais,1.24,124.0,35.4,31.2,
2021-08-12,2021,8,224,14:45,"Beira Baixa, Beiras e Serra da Estrela",Olelas,Esteva,Matos mediterrânicos,0.87,87.0,33.8,36.9,
2021-08-12,2021,8,224,14:45,"Beira Baixa, Beiras e Serra da Estrela",Olelas,Urze,Matos atlânticos,0.57,57.0,33.8,36.9,
2021-08-16,2021,8,228,14:25,Douro,Lamares - Vila Real,Carqueja,Matos atlânticos,0.92,92.0,31.0,30.3,
2021-08-16,2021,8,228,14:25,Douro,Lamares - Vila Real,Urze,Matos atlânticos,0.86,86.0,31.0,30.3,
2021-08-16,2021,8,228,15:00,Alto Tâmega e Terra de Trás-os-Montes,Anelhe - Chaves,Carqueja,Matos atlânticos,0.8394,83.94,33.0,31.7,
2021-08-16,2021,8,228,15:00,Alto Tâmega e Terra de Trás-os-Montes,Anelhe - Chaves,Urze,Matos atlânticos,0.8512,85.12,33.0,31.7,
2021-08-16,2021,8,228,14:40,"Alto Alentejo, Alentejo Central e Baixo Alentejo",S.Penha - Portalegre,Esteva,Matos mediterrânicos,0.69,69.0,37.0,14.3,
2021-08-16,2021,8,228,14:40,"Alto Alentejo, Alentejo Central e Baixo Alentejo",S.Penha - Portalegre,Giesta,Giestais,0.86,86.0,37.0,14.3,
2021-08-17,2021,8,229,14:00,Alto Minho e Cávado,Vile - Caminha,Carqueja,Matos atlânticos,0.77,77.0,27.6,42.1,
2021-08-17,2021,8,229,14:00,Alto Minho e Cávado,Vile - Caminha,Herbáceas,Herbáceas,0.39,39.0,27.6,42.1,
2021-08-17,2021,8,229,14:00,Alto Minho e Cávado,Vile - Caminha,Urze,Matos atlânticos,0.78,78.0,27.6,42.1,
2021-08-17,2021,8,229,14:00,Alto Minho e Cávado,Vile - Caminha,Tojo,Matos atlânticos,1.37,137.0,27.6,42.1,
2021-08-17,2021,8,229,14:00,Alto Tâmega e Terra de Trás-os-Montes,França - Bragança,Tojo,Matos atlânticos,0.66,66.0,,,
2021-08-17,2021,8,229,14:00,Alto Tâmega e Terra de Trás-os-Montes,França - Bragança,Esteva,Matos mediterrânicos,0.83,83.0,,,
2021-08-18,2021,8,230,14:30,Tâmega e Sousa e Ave,Felgueira - Vale de Cambra,Carqueja,Matos atlânticos,1.06,106.0,23.0,52.0,
2021-08-18,2021,8,230,14:30,Tâmega e Sousa e Ave,Felgueira - Vale de Cambra,Urze,Matos atlânticos,1.05,105.0,23.0,52.0,
2021-08-18,2021,8,230,14:30,Tâmega e Sousa e Ave,Felgueira - Vale de Cambra,Herbáceas,Herbáceas,0.82,82.0,23.0,52.0,
2021-08-18,2021,8,230,14:30,Tâmega e Sousa e Ave,Felgueira - Vale de Cambra,Tojo,Matos atlânticos,1.25,125.0,23.0,52.0,
2021-08-18,2021,8,230,14:00,"Aveiro, Viseu e Dão Lafões",Granja - Castro Daire,Carqueja,Matos atlânticos,0.73,73.0,32.6,27.6,
2021-08-18,2021,8,230,14:00,"Aveiro, Viseu e Dão Lafões",Granja - Castro Daire,Urze,Matos atlânticos,0.71,71.0,32.6,27.6,
2021-08-18,2021,8,230,14:00,"Aveiro, Viseu e Dão Lafões",Granja - Castro Daire,Herbáceas,Herbáceas,0.26,26.0,32.6,27.6,
2021-08-18,2021,8,230,14:00,"Aveiro, Viseu e Dão Lafões",Granja - Castro Daire,Tojo,Matos atlânticos,1.04,104.0,32.6,27.6,
2021-08-19,2021,8,231,12:15,"Beira Baixa, Beiras e Serra da Estrela",Zona industrial,P. bravo,Pinhais,1.36,136.0,28.1,39.6,
2021-08-19,2021,8,231,12:45,"Beira Baixa, Beiras e Serra da Estrela",Olelas,Esteva,Matos mediterrânicos,0.75,75.0,28.0,39.4,
2021-08-19,2021,8,231,12:45,"Beira Baixa, Beiras e Serra da Estrela",Olelas,Urze,Matos atlânticos,0.54,54.0,28.0,39.4,
2021-08-23,2021,8,235,15:10,Alto Tâmega e Terra de Trás-os-Montes,Anelhe - Chaves,Carqueja,Matos atlânticos,0.8473,84.73,33.6,24.0,
2021-08-23,2021,8,235,15:10,Alto Tâmega e Terra de Trás-os-Montes,Anelhe - Chaves,Urze,Matos atlânticos,0.8719,87.19,33.6,24.0,
2021-08-23,2021,8,235,14:35,Douro,Lamares - Vila Real,Carqueja,Matos atlânticos,0.98,98.0,34.9,17.0,
2021-08-23,2021,8,235,14:35,Douro,Lamares - Vila Real,Urze,Matos atlânticos,0.83,83.0,34.9,17.0,
2021-08-24,2021,8,236,11:45,"Beira Baixa, Beiras e Serra da Estrela",Zona industrial,P. bravo,Pinhais,1.42,142.0,32.2,34.2,
2021-08-24,2021,8,236,12:15,"Beira Baixa, Beiras e Serra da Estrela",Olelas,Esteva,Matos mediterrânicos,0.82,82.0,31.8,30.8,
2021-08-24,2021,8,236,12:15,"Beira Baixa, Beiras e Serra da Estrela",Olelas,Urze,Matos atlânticos,0.46,46.0,31.8,30.8,
2021-08-24,2021,8,236,14:00,Alto Minho e Cávado,Vile - Caminha,Carqueja,Matos atlânticos,0.86,86.0,30.7,41.3,
2021-08-24,2021,8,236,14:00,Alto Minho e Cávado,Vile - Caminha,Herbáceas,Herbáceas,0.36,36.0,30.7,41.3,
2021-08-24,2021,8,236,14:00,Alto Minho e Cávado,Vile - Caminha,Urze,Matos atlânticos,0.71,71.0,30.7,41.3,
2021-08-24,2021,8,236,14:00,Alto Minho e Cávado,Vile - Caminha,Tojo,Matos atlânticos,1.36,136.0,30.7,41.3,
2021-08-24,2021,8,236,14:40,"Alto Alentejo, Alentejo Central e Baixo Alentejo",S.Penha - Portalegre,Esteva,Matos mediterrânicos,0.6564,65.64,42.8,25.6,
2021-08-24,2021,8,236,14:40,"Alto Alentejo, Alentejo Central e Baixo Alentejo",S.Penha - Portalegre,Giesta,Giestais,0.8575,85.75,42.8,25.6,
2021-08-25,2021,8,237,14:30,Tâmega e Sousa e Ave,Felgueira - Vale de Cambra,Carqueja,Matos atlânticos,0.88,88.0,22.0,62.0,
2021-08-25,2021,8,237,14:30,Tâmega e Sousa e Ave,Felgueira - Vale de Cambra,Urze,Matos atlânticos,1.08,108.0,22.0,62.0,
2021-08-25,2021,8,237,14:30,Tâmega e Sousa e Ave,Felgueira - Vale de Cambra,Herbáceas,Herbáceas,0.75,75.0,22.0,62.0,
2021-08-25,2021,8,237,14:30,Tâmega e Sousa e Ave,Felgueira - Vale de Cambra,Tojo,Matos atlânticos,1.13,113.0,22.0,62.0,
2021-08-25,2021,8,237,14:00,"Aveiro, Viseu e Dão Lafões",Granja - Castro Daire,Carqueja,Matos atlânticos,0.79,79.0,33.0,34.6,
2021-08-25,2021,8,237,14:00,"Aveiro, Viseu e Dão Lafões",Granja - Castro Daire,Urze,Matos atlânticos,0.81,81.0,33.0,34.6,
2021-08-25,2021,8,237,14:00,"Aveiro, Viseu e Dão Lafões",Granja - Castro Daire,Giesta,Giestais,0.82,82.0,33.0,34.6,
2021-08-25,2021,8,237,14:00,"Aveiro, Viseu e Dão Lafões",Granja - Castro Daire,Tojo,Matos atlânticos,1.17,117.0,33.0,34.6,
2021-08-25,2021,8,237,14:30,Alto Tâmega e Terra de Trás-os-Montes,França - Bragança,Tojo,Matos atlânticos,0.6065,60.65,,,
2021-08-25,2021,8,237,14:30,Alto Tâmega e Terra de Trás-os-Montes,França - Bragança,Esteva,Matos mediterrânicos,0.8588,85.88,,,
2021-08-30,2021,8,242,14:35,Douro,Lamares - Vila Real,Carqueja,Matos atlânticos,0.89,89.0,28.4,28.0,
2021-08-30,2021,8,242,14:35,Douro,Lamares - Vila Real,Urze,Matos atlânticos,0.71,71.0,28.4,28.0,
2021-08-30,2021,8,242,14:00,Alto Tâmega e Terra de Trás-os-Montes,Anelhe - Chaves,Carqueja,Matos atlânticos,0.6104,61.04,27.8,46.6,
2021-08-30,2021,8,242,14:00,Alto Tâmega e Terra de Trás-os-Montes,Anelhe - Chaves,Urze,Matos atlânticos,0.5205,52.05,27.8,46.6,
2021-08-30,2021,8,242,14:40,"Alto Alentejo, Alentejo Central e Baixo Alentejo",S.Penha - Portalegre,Esteva,Matos mediterrânicos,0.7258,72.58,29.1,42.0,
2021-08-30,2021,8,242,14:40,"Alto Alentejo, Alentejo Central e Baixo Alentejo",S.Penha - Portalegre,Giesta,Giestais,0.7996,79.96,29.1,42.0,
2021-08-31,2021,8,243,14:15,"Beira Baixa, Beiras e Serra da Estrela",Zona industrial,P. bravo,Pinhais,1.31,131.0,30.9,27.7,
2021-08-31,2021,8,243,14:45,"Beira Baixa, Beiras e Serra da Estrela",Olelas,Esteva,Matos mediterrânicos,0.64,64.0,31.2,27.4,
2021-08-31,2021,8,243,14:45,"Beira Baixa, Beiras e Serra da Estrela",Olelas,Urze,Matos atlânticos,0.55,55.0,31.2,27.4,
2021-08-31,2021,8,243,14:30,Tâmega e Sousa e Ave,Felgueira - Vale de Cambra,Carqueja,Matos atlânticos,0.86,86.0,24.0,44.0,
2021-08-31,2021,8,243,14:30,Tâmega e Sousa e Ave,Felgueira - Vale de Cambra,Urze,Matos atlânticos,0.77,77.0,24.0,44.0,
2021-08-31,2021,8,243,14:30,Tâmega e Sousa e Ave,Felgueira - Vale de Cambra,Herbáceas,Herbáceas,0.71,71.0,24.0,44.0,
2021-08-31,2021,8,243,14:30,Tâmega e Sousa e Ave,Felgueira - Vale de Cambra,Tojo,Matos atlânticos,1.16,116.0,24.0,44.0,
2021-08-31,2021,8,243,14:00,"Aveiro, Viseu e Dão Lafões",Granja - Castro Daire,Carqueja,Matos atlânticos,0.81,81.0,31.0,34.0,
2021-08-31,2021,8,243,14:00,"Aveiro, Viseu e Dão Lafões",Granja - Castro Daire,Urze,Matos atlânticos,0.71,71.0,31.0,34.0,
2021-08-31,2021,8,243,14:00,"Aveiro, Viseu e Dão Lafões",Granja - Castro Daire,Giesta,Giestais,0.9,90.0,31.0,34.0,
2021-08-31,2021,8,243,14:00,"Aveiro, Viseu e Dão Lafões",Granja - Castro Daire,Tojo,Matos atlânticos,1.1,110.0,31.0,34.0,
2021-09-01,2021,9,244,14:30,Alto Tâmega e Terra de Trás-os-Montes,França - Bragança,Tojo,Matos atlânticos,0.5652,56.52,,,
2021-09-01,2021,9,244,14:30,Alto Tâmega e Terra de Trás-os-Montes,França - Bragança,Esteva,Matos mediterrânicos,0.7597,75.97,,,
2021-09-06,2021,9,249,14:30,Alto Tâmega e Terra de Trás-os-Montes,França - Bragança,Carqueja,Matos atlânticos,0.7897,78.97,30.8,34.2,
2021-09-06,2021,9,249,14:30,Alto Tâmega e Terra de Trás-os-Montes,França - Bragança,Urze,Matos atlânticos,0.6413,64.13,30.8,34.2,
2021-09-06,2021,9,249,14:15,"Alto Alentejo, Alentejo Central e Baixo Alentejo",S.Penha - Portalegre,Esteva,Matos mediterrânicos,0.76,76.0,32.7,36.0,
2021-09-06,2021,9,249,14:15,"Alto Alentejo, Alentejo Central e Baixo Alentejo",S.Penha - Portalegre,Giesta,Giestais,0.75,75.0,32.7,36.0,
2021-09-07,2021,9,250,14:15,"Beira Baixa, Beiras e Serra da Estrela",Zona industrial,P. bravo,Pinhais,1.31,131.0,27.8,46.1,
2021-09-07,2021,9,250,14:45,"Beira Baixa, Beiras e Serra da Estrela",Olelas,Esteva,Matos mediterrânicos,0.71,71.0,26.5,42.9,
2021-09-07,2021,9,250,14:45,"Beira Baixa, Beiras e Serra da Estrela",Olelas,Urze,Matos atlânticos,0.48,48.0,26.5,42.9,
2021-09-16,2021,9,259,11:30,"Beira Baixa, Beiras e Serra da Estrela",Zona industrial,P. bravo,Pinhais,1.33,133.0,29.5,43.6,
2021-09-16,2021,9,259,12:00,"Beira Baixa, Beiras e Serra da Estrela",Olelas,Esteva,Matos mediterrânicos,0.96,96.0,27.9,59.5,
2021-09-16,2021,9,259,12:00,"Beira Baixa, Beiras e Serra da Estrela",Olelas,Urze,Matos atlânticos,0.71,71.0,27.9,59.5,
2021-09-20,2021,9,263,14:30,Alto Tâmega e Terra de Trás-os-Montes,Anelhe - Chaves,Carqueja,Matos atlânticos,0.6031,60.31,24.2,40.3,
2021-09-20,2021,9,263,14:30,Alto Tâmega e Terra de Trás-os-Montes,Anelhe - Chaves,Urze,Matos atlânticos,0.5541,55.41,24.2,40.3,
2021-09-20,2021,9,263,14:20,Douro,Lamares - Vila Real,Carqueja,Matos atlânticos,0.9,90.0,23.2,40.0,
2021-09-20,2021,9,263,14:20,Douro,Lamares - Vila Real,Urze,Matos atlânticos,0.91,91.0,23.2,40.0,
2021-09-21,2021,9,264,14:25,"Alto Alentejo, Alentejo Central e Baixo Alentejo",S.Penha - Portalegre,Esteva,Matos mediterrânicos,1.09,109.0,29.0,37.0,
2021-09-21,2021,9,264,14:25,"Alto Alentejo, Alentejo Central e Baixo Alentejo",S.Penha - Portalegre,Giesta,Giestais,0.79,79.0,29.0,37.0,
2021-09-22,2021,9,265,14:15,"Beira Baixa, Beiras e Serra da Estrela",Zona industrial,P. bravo,Pinhais,1.22,122.0,25.7,42.2,
2021-09-22,2021,9,265,14:45,"Beira Baixa, Beiras e Serra da Estrela",Olelas,Esteva,Matos mediterrânicos,0.89,89.0,26.5,34.9,
2021-09-22,2021,9,265,14:45,"Beira Baixa, Beiras e Serra da Estrela",Olelas,Urze,Matos atlânticos,0.7,70.0,26.5,34.9,
2021-09-27,2021,9,270,14:25,"Alto Alentejo, Alentejo Central e Baixo Alentejo",S.Penha - Portalegre,Esteva,Matos mediterrânicos,1.22,122.0,30.3,38.0,
2021-09-27,2021,9,270,14:25,"Alto Alentejo, Alentejo Central e Baixo Alentejo",S.Penha - Portalegre,Giesta,Giestais,0.83,83.0,30.3,38.0,
2021-09-27,2021,9,270,14:30,Douro,Lamares - Vila Real,Carqueja,Matos atlânticos,0.91,91.0,18.9,79.0,
2021-09-27,2021,9,270,14:30,Douro,Lamares - Vila Real,Urze,Matos atlânticos,0.94,94.0,18.9,79.0,
2021-09-30,2021,9,273,14:15,"Beira Baixa, Beiras e Serra da Estrela",Zona industrial,P. bravo,Pinhais,1.18,118.0,27.2,39.9,
2021-09-30,2021,9,273,14:45,"Beira Baixa, Beiras e Serra da Estrela",Olelas,Esteva,Matos mediterrânicos,1.14,114.0,27.6,35.3,
2021-09-30,2021,9,273,14:45,"Beira Baixa, Beiras e Serra da Estrela",Olelas,Urze,Matos atlânticos,0.86,86.0,27.6,35.3,
2021-10-06,2021,10,279,14:30,Douro,Lamares - Vila Real,Carqueja,Matos atlânticos,0.93,93.0,21.2,43.0,
2021-10-06,2021,10,279,14:30,Douro,Lamares - Vila Real,Urze,Matos atlânticos,0.99,99.0,21.2,43.0,
2021-10-11,2021,10,284,14:30,Douro,Lamares - Vila Real,Carqueja,Matos atlânticos,0.89,89.0,21.8,30.0,
2021-10-11,2021,10,284,14:30,Douro,Lamares - Vila Real,Urze,Matos atlânticos,0.86,86.0,21.8,30.0,
2021-10-11,2021,10,284,14:25,"Alto Alentejo, Alentejo Central e Baixo Alentejo",S.Penha - Portalegre,Esteva,Matos mediterrânicos,1.16,116.0,29.2,37.0,
2021-10-11,2021,10,284,14:25,"Alto Alentejo, Alentejo Central e Baixo Alentejo",S.Penha - Portalegre,Giesta,Giestais,0.76,76.0,29.2,37.0,
2021-10-13,2021,10,286,14:15,,,,,1.24,124.0,25.7,41.0,local_em_falta|especie_em_falta
2021-10-13,2021,10,286,14:45,,,,,0.61,61.0,29.6,31.0,local_em_falta|especie_em_falta
2021-10-19,2021,10,292,14:30,"Alto Alentejo, Alentejo Central e Baixo Alentejo",S.Penha - Portalegre,Esteva,Matos mediterrânicos,0.9847,98.47,28.3,44.0,
2021-10-19,2021,10,292,14:30,"Alto Alentejo, Alentejo Central e Baixo Alentejo",S.Penha - Portalegre,Giesta,Giestais,0.9149,91.49,28.3,44.0,
2021-10-19,2021,10,292,14:30,Douro,Lamares - Vila Real,Carqueja,Matos atlânticos,0.81,81.0,25.2,41.0,
2021-10-19,2021,10,292,14:30,Douro,Lamares - Vila Real,Urze,Matos atlânticos,0.92,92.0,25.2,41.0,
2021-10-26,2021,10,299,14:25,"Alto Alentejo, Alentejo Central e Baixo Alentejo",S.Penha - Portalegre,Esteva,Matos mediterrânicos,0.9955,99.55,24.1,30.0,
2021-10-26,2021,10,299,14:25,"Alto Alentejo, Alentejo Central e Baixo Alentejo",S.Penha - Portalegre,Giesta,Giestais,0.8152,81.52,24.1,30.0,
2021-11-02,2021,11,306,14:15,"Beira Baixa, Beiras e Serra da Estrela",Zona industrial,P. bravo,Pinhais,1.35,135.0,16.2,76.3,
2021-11-02,2021,11,306,14:45,"Beira Baixa, Beiras e Serra da Estrela",Olelas,Esteva,Matos mediterrânicos,1.13,113.0,14.9,77.3,
2021-11-02,2021,11,306,14:45,"Beira Baixa, Beiras e Serra da Estrela",Olelas,Urze,Matos atlânticos,0.94,94.0,14.9,77.3,
2021-11-05,2021,11,309,14:40,Douro,Lamares - Vila Real,Carqueja,Matos atlânticos,0.92,92.0,17.0,43.0,
2021-11-05,2021,11,309,14:40,Douro,Lamares - Vila Real,Urze,Matos atlânticos,0.86,86.0,17.0,43.0,
2021-11-08,2021,11,312,14:35,"Alto Alentejo, Alentejo Central e Baixo Alentejo",S.Penha - Portalegre,Esteva,Matos mediterrânicos,1.55,155.0,20.4,39.4,
2021-11-08,2021,11,312,14:35,"Alto Alentejo, Alentejo Central e Baixo Alentejo",S.Penha - Portalegre,Giesta,Giestais,0.9603,96.03,20.4,39.4,
2021-11-15,2021,11,319,14:45,Douro,Lamares - Vila Real,Carqueja,Matos atlânticos,0.93,93.0,14.5,48.0,
2021-11-15,2021,11,319,14:45,Douro,Lamares - Vila Real,Urze,Matos atlânticos,0.89,89.0,14.5,48.0,
2021-12-02,2021,12,336,14:35,"Alto Alentejo, Alentejo Central e Baixo Alentejo",S.Penha - Portalegre,Esteva,Matos mediterrânicos,1.435,143.5,15.8,37.0,
2021-12-02,2021,12,336,14:35,"Alto Alentejo, Alentejo Central e Baixo Alentejo",S.Penha - Portalegre,Giesta,Giestais,0.958,95.8,15.8,37.0,
2021-12-13,2021,12,347,14:45,"Alto Alentejo, Alentejo Central e Baixo Alentejo",S.Penha - Portalegre,Esteva,Matos mediterrânicos,1.8823,188.23,19.5,45.0,
2021-12-13,2021,12,347,14:45,"Alto Alentejo, Alentejo Central e Baixo Alentejo",S.Penha - Portalegre,Giesta,Giestais,0.9529,95.29,19.5,45.0,
2021-12-17,2021,12,351,14:45,Douro,Lamares - Vila Real,Carqueja,Matos atlânticos,0.92,92.0,11.0,43.0,
2021-12-17,2021,12,351,14:45,Douro,Lamares - Vila Real,Urze,Matos atlânticos,0.99,99.0,11.0,43.0,
2022-01-11,2022,1,11,14:00,"Alto Alentejo, Alentejo Central e Baixo Alentejo",S.Penha - Portalegre,Esteva,Matos mediterrânicos,1.4574,145.74,19.3,58.7,
2022-01-11,2022,1,11,14:00,"Alto Alentejo, Alentejo Central e Baixo Alentejo",S.Penha - Portalegre,Giesta,Giestais,1.0895,108.95,19.3,58.7,
2022-01-17,2022,1,17,14:20,"Alto Alentejo, Alentejo Central e Baixo Alentejo",S.Penha - Portalegre,Esteva,Matos mediterrânicos,1.5321,153.21,15.6,43.7,
2022-01-17,2022,1,17,14:20,"Alto Alentejo, Alentejo Central e Baixo Alentejo",S.Penha - Portalegre,Giesta,Giestais,0.9937,99.37,15.6,43.7,
2022-01-17,2022,1,17,13:00,AML e Alentejo Litoral,Arrábida - Setúbal,Esteva,Matos mediterrânicos,1.29,129.0,15.3,67.4,
2022-01-17,2022,1,17,13:00,AML e Alentejo Litoral,Arrábida - Setúbal,Carrasco,Matos mediterrânicos,0.736,73.6,15.3,67.0,
2022-01-17,2022,1,17,14:40,Douro,Lamares - Vila Real,Carqueja,Matos atlânticos,0.92,92.0,10.5,50.0,
2022-01-17,2022,1,17,14:40,Douro,Lamares - Vila Real,Urze,Matos atlânticos,0.99,99.0,10.5,50.0,
2022-01-25,2022,1,25,14:30,"Alto Alentejo, Alentejo Central e Baixo Alentejo",S.Penha - Portalegre,Esteva,Matos mediterrânicos,1.9481,194.81,13.9,49.9,
2022-01-25,2022,1,25,14:30,"Alto Alentejo, Alentejo Central e Baixo Alentejo",S.Penha - Portalegre,Giesta,Giestais,1.0901,109.01,13.9,49.9,
2022-01-31,2022,1,31,14:40,"Alto Alentejo, Alentejo Central e Baixo Alentejo",S.Penha - Portalegre,Esteva,Matos mediterrânicos,1.6771,167.71,18.0,35.9,
2022-01-31,2022,1,31,14:40,"Alto Alentejo, Alentejo Central e Baixo Alentejo",S.Penha - Portalegre,Giesta,Giestais,0.9803,98.03,18.0,35.9,
2022-01-31,2022,1,31,14:45,Douro,Lamares - Vila Real,Carqueja,Matos atlânticos,1.05,105.0,14.7,46.8,
2022-01-31,2022,1,31,14:45,Douro,Lamares - Vila Real,Urze,Matos atlânticos,0.82,82.0,14.7,46.8,
2022-01-31,2022,1,31,14:26,Médio Tejo e Lezíria do tejo,Santarém,Tojo,Matos atlânticos,1.16,116.0,21.5,40.0,
2022-01-31,2022,1,31,14:26,Médio Tejo e Lezíria do tejo,Santarém,P. bravo,Pinhais,1.38,138.0,21.5,40.0,
2022-01-31,2022,1,31,15:27,Médio Tejo e Lezíria do tejo,Chamusca,Esteva,Matos mediterrânicos,1.22,122.0,19.0,34.0,
2022-01-31,2022,1,31,15:27,Médio Tejo e Lezíria do tejo,Chamusca,Tojo,Matos atlânticos,1.24,124.0,19.0,34.0,
2022-02-07,2022,2,38,14:40,"Alto Alentejo, Alentejo Central e Baixo Alentejo",S.Penha - Portalegre,Esteva,Matos mediterrânicos,1.7375,173.75,24.2,25.0,
2022-02-07,2022,2,38,14:40,"Alto Alentejo, Alentejo Central e Baixo Alentejo",S.Penha - Portalegre,Giesta,Giestais,1.0278,102.78,24.2,25.0,
2022-02-07,2022,2,38,14:35,Médio Tejo e Lezíria do tejo,Santarém,P. bravo,Pinhais,1.38,138.0,20.0,41.0,
2022-02-07,2022,2,38,14:35,Médio Tejo e Lezíria do tejo,Santarém,Tojo,Matos atlânticos,1.04,104.0,20.0,41.0,
2022-02-07,2022,2,38,15:27,Médio Tejo e Lezíria do tejo,Chamusca,Esteva,Matos mediterrânicos,1.38,138.0,19.0,34.0,
2022-02-07,2022,2,38,15:27,Médio Tejo e Lezíria do tejo,Chamusca,Tojo,Matos atlânticos,1.22,122.0,19.0,34.0,
2022-02-14,2022,2,45,14:30,"Alto Alentejo, Alentejo Central e Baixo Alentejo",S.Penha - Portalegre,Esteva,Matos mediterrânicos,1.6847,168.47,15.0,41.0,
2022-02-14,2022,2,45,14:30,"Alto Alentejo, Alentejo Central e Baixo Alentejo",S.Penha - Portalegre,Giesta,Giestais,1.1008,110.08,15.0,41.0,
2022-02-14,2022,2,45,14:15,AML e Alentejo Litoral,Arrábida - Setúbal,Esteva,Matos mediterrânicos,1.1,110.0,16.0,58.2,
2022-02-14,2022,2,45,14:15,AML e Alentejo Litoral,Arrábida - Setúbal,Carrasco,Matos mediterrânicos,0.771,77.1,16.0,58.0,
2022-02-15,2022,2,46,15:15,Médio Tejo e Lezíria do tejo,Chamusca,Esteva,Matos mediterrânicos,1.61,161.0,17.8,43.7,
2022-02-15,2022,2,46,15:15,Médio Tejo e Lezíria do tejo,Chamusca,Tojo,Matos atlânticos,1.48,148.0,17.8,43.7,
2022-02-15,2022,2,46,15:50,Médio Tejo e Lezíria do tejo,Santarém,Tojo,Matos atlânticos,1.37,137.0,15.4,49.0,
2022-02-15,2022,2,46,15:50,Médio Tejo e Lezíria do tejo,Santarém,P. bravo,Pinhais,1.35,135.0,15.4,49.0,
2022-02-21,2022,2,52,14:15,AML e Alentejo Litoral,Arrábida - Setúbal,Esteva,Matos mediterrânicos,1.06,106.0,22.4,47.8,
2022-02-21,2022,2,52,14:15,AML e Alentejo Litoral,Arrábida - Setúbal,Carrasco,Matos mediterrânicos,0.7,70.0,22.4,47.8,
2022-02-21,2022,2,52,14:40,Douro,Lamares - Vila Real,Carqueja,Matos atlânticos,1.16,116.0,19.0,46.8,
2022-02-21,2022,2,52,14:40,Douro,Lamares - Vila Real,Urze,Matos atlânticos,0.8,80.0,19.0,46.8,
2022-02-21,2022,2,52,14:25,Médio Tejo e Lezíria do tejo,Chamusca,Esteva,Matos mediterrânicos,1.48,148.0,18.7,44.0,
2022-02-21,2022,2,52,14:25,Médio Tejo e Lezíria do tejo,Chamusca,Tojo,Matos atlânticos,1.47,147.0,18.7,44.0,
2022-02-21,2022,2,52,15:15,Médio Tejo e Lezíria do tejo,Santarém,Tojo,Matos atlânticos,1.28,128.0,24.4,32.1,
2022-02-21,2022,2,52,15:15,Médio Tejo e Lezíria do tejo,Santarém,P. bravo,Pinhais,1.38,138.0,24.4,32.0,
2022-02-22,2022,2,53,14:15,"Alto Alentejo, Alentejo Central e Baixo Alentejo",S.Penha - Portalegre,Esteva,Matos mediterrânicos,1.4603,146.03,20.7,28.0,
2022-02-22,2022,2,53,14:15,"Alto Alentejo, Alentejo Central e Baixo Alentejo",S.Penha - Portalegre,Giesta,Giestais,1.2602,126.02,20.7,28.0,
2022-03-07,2022,3,66,14:12,AML e Alentejo Litoral,Arrábida - Setúbal,Esteva,Matos mediterrânicos,1.04,104.0,16.3,54.1,
2022-03-07,2022,3,66,14:12,AML e Alentejo Litoral,Arrábida - Setúbal,Carrasco,Matos mediterrânicos,0.71,71.0,16.3,54.1,
2022-03-07,2022,3,66,14:45,Douro,Lamares - Vila Real,Carqueja,Matos atlânticos,0.97,97.0,13.2,42.6,
2022-03-07,2022,3,66,14:45,Douro,Lamares - Vila Real,Urze,Matos atlânticos,0.79,79.0,13.2,42.6,
2022-03-07,2022,3,66,13:30,Médio Tejo e Lezíria do tejo,Santarém,Tojo,Matos atlânticos,0.94,94.0,16.6,31.8,
2022-03-08,2022,3,67,13:30,Médio Tejo e Lezíria do tejo,Santarém,P. bravo,Pinhais,1.38,138.0,16.6,32.0,
2022-03-09,2022,3,68,14:00,Médio Tejo e Lezíria do tejo,Chamusca,Esteva,Matos mediterrânicos,1.02,102.0,18.3,33.0,
2022-03-10,2022,3,69,14:00,Médio Tejo e Lezíria do tejo,Chamusca,Tojo,Matos atlânticos,0.87,87.0,18.3,33.0,
2022-03-14,2022,3,73,14:05,AML e Alentejo Litoral,Arrábida - Setúbal,Esteva,Matos mediterrânicos,1.08,108.0,15.8,63.6,
2022-03-14,2022,3,73,14:05,AML e Alentejo Litoral,Arrábida - Setúbal,Carrasco,Matos mediterrânicos,0.71,71.0,15.8,63.6,
2022-03-14,2022,3,73,14:00,Médio Tejo e Lezíria do tejo,Santarém,P. bravo,Pinhais,1.34,134.0,14.8,63.3,
2022-03-14,2022,3,73,14:00,Médio Tejo e Lezíria do tejo,Santarém,Tojo,Matos atlânticos,1.05,105.0,14.8,63.3,
2022-03-21,2022,3,80,14:15,Douro,Lamares - Vila Real,Carqueja,Matos atlânticos,1.08,108.0,14.5,55.3,
2022-03-21,2022,3,80,14:15,Douro,Lamares - Vila Real,Urze,Matos atlânticos,0.78,78.0,14.5,55.3,
2022-03-22,2022,3,81,14:30,AML e Alentejo Litoral,Arrábida - Setúbal,Esteva,Matos mediterrânicos,1.27,127.0,18.5,67.4,
2022-03-22,2022,3,81,14:30,AML e Alentejo Litoral,Arrábida - Setúbal,Carrasco,Matos mediterrânicos,0.735,73.5,18.5,67.4,
2022-03-28,2022,3,87,14:30,"Alto Alentejo, Alentejo Central e Baixo Alentejo",S.Penha - Portalegre,Esteva,Matos mediterrânicos,1.6795,167.95,19.2,48.3,
2022-03-28,2022,3,87,14:30,"Alto Alentejo, Alentejo Central e Baixo Alentejo",S.Penha - Portalegre,Giesta,Giestais,2.0261,202.61,19.2,48.3,
2022-03-28,2022,3,87,14:23,AML e Alentejo Litoral,Arrábida - Setúbal,Esteva,Matos mediterrânicos,2.28,228.0,23.3,49.4,
2022-03-28,2022,3,87,14:23,AML e Alentejo Litoral,Arrábida - Setúbal,Carrasco,Matos mediterrânicos,1.52,152.0,23.3,49.4,
2022-04-04,2022,4,94,14:35,AML e Alentejo Litoral,Arrábida - Setúbal,Esteva,Matos mediterrânicos,1.16,116.0,17.5,38.5,
2022-04-04,2022,4,94,14:35,AML e Alentejo Litoral,Arrábida - Setúbal,Carrasco,Matos mediterrânicos,0.69,69.0,17.5,38.5,
2022-04-05,2022,4,95,14:45,Douro,Lamares - Vila Real,Carqueja,Matos atlânticos,1.09,109.0,15.4,58.0,
2022-04-05,2022,4,95,14:45,Douro,Lamares - Vila Real,Urze,Matos atlânticos,0.8,80.0,15.4,58.0,
2022-04-07,2022,4,97,15:15,"Aveiro, Viseu e Dão Lafões",Granja - Castro Daire,Carqueja,Matos atlânticos,1.04,104.0,10.8,68.0,
2022-04-07,2022,4,97,15:15,"Aveiro, Viseu e Dão Lafões",Granja - Castro Daire,Herbáceas,Herbáceas,0.177,17.7,10.8,68.0,
2022-04-07,2022,4,97,15:15,"Aveiro, Viseu e Dão Lafões",Granja - Castro Daire,Urze,Matos atlânticos,0.927,92.7,10.8,68.0,
2022-04-19,2022,4,109,14:19,AML e Alentejo Litoral,Arrábida - Setúbal,Esteva,Matos mediterrânicos,1.06,106.0,19.5,45.4,
2022-04-19,2022,4,109,14:19,AML e Alentejo Litoral,Arrábida - Setúbal,Carrasco,Matos mediterrânicos,0.736,73.6,19.5,45.4,
2022-04-19,2022,4,109,15:00,Douro,Lamares - Vila Real,Carqueja,Matos atlânticos,1.96,196.0,13.2,64.0,
2022-04-19,2022,4,109,15:00,Douro,Lamares - Vila Real,Urze,Matos atlânticos,0.99,99.0,13.2,64.0,
2022-05-02,2022,5,122,15:15,"Aveiro, Viseu e Dão Lafões",Granja - Castro Daire,Carqueja,Matos atlânticos,1.178,117.8,17.6,54.1,
2022-05-02,2022,5,122,15:15,"Aveiro, Viseu e Dão Lafões",Granja - Castro Daire,Urze,Matos atlânticos,1.974,197.4,17.6,54.1,
2022-05-02,2022,5,122,15:15,"Aveiro, Viseu e Dão Lafões",Granja - Castro Daire,Herbáceas,Herbáceas,0.878,87.8,17.6,54.1,
2022-05-02,2022,5,122,14:30,Douro,Lamares - Vila Real,Carqueja,Matos atlânticos,1.47,147.0,16.8,64.0,
2022-05-02,2022,5,122,14:30,Douro,Lamares - Vila Real,Urze,Matos atlânticos,1.04,104.0,53.1,64.0,temperatura_fora_intervalo
2022-05-05,2022,5,125,14:30,"Alto Alentejo, Alentejo Central e Baixo Alentejo",S.Penha - Portalegre,Esteva,Matos mediterrânicos,1.336,133.6,25.1,34.0,
2022-05-05,2022,5,125,14:30,"Alto Alentejo, Alentejo Central e Baixo Alentejo",S.Penha - Portalegre,Giesta,Giestais,1.6384,163.84,25.1,34.0,
2022-05-09,2022,5,129,15:00,"Aveiro, Viseu e Dão Lafões",Granja - Castro Daire,Carqueja,Matos atlânticos,1.73,173.0,31.6,29.7,
2022-05-09,2022,5,129,15:00,"Aveiro, Viseu e Dão Lafões",Granja - Castro Daire,Herbáceas,Herbáceas,1.528,152.8,31.6,29.7,
2022-05-09,2022,5,129,15:00,"Aveiro, Viseu e Dão Lafões",Granja - Castro Daire,Urze,Matos atlânticos,1.16,116.0,31.6,29.7,
2022-05-10,2022,5,130,15:00,Alto Tâmega e Terra de Trás-os-Montes,França - Bragança,Esteva,Matos mediterrânicos,0.56,56.0,31.0,28.6,
2022-05-10,2022,5,130,15:00,Alto Tâmega e Terra de Trás-os-Montes,França - Bragança,Tojo,Matos atlânticos,0.6,60.0,31.0,28.6,
2022-05-10,2022,5,130,15:00,Alto Tâmega e Terra de Trás-os-Montes,França - Bragança,Herbáceas,Herbáceas,0.73,73.0,31.0,28.6,
2022-05-10,2022,5,130,14:50,AML e Alentejo Litoral,Arrábida - Setúbal,Esteva,Matos mediterrânicos,0.878,87.8,27.3,32.8,
2022-05-10,2022,5,130,14:50,AML e Alentejo Litoral,Arrábida - Setúbal,Carrasco,Matos mediterrânicos,1.13,113.0,27.3,32.8,
2022-05-16,2022,5,136,15:15,"Aveiro, Viseu e Dão Lafões",Granja - Castro Daire,Carqueja,Matos atlânticos,1.661,166.1,16.2,86.2,
2022-05-16,2022,5,136,15:15,"Aveiro, Viseu e Dão Lafões",Granja - Castro Daire,Herbáceas,Herbáceas,1.959,195.9,16.2,86.2,
2022-05-16,2022,5,136,15:15,"Aveiro, Viseu e Dão Lafões",Granja - Castro Daire,Urze,Matos atlânticos,0.965,96.5,16.2,86.2,
2022-05-18,2022,5,138,14:30,"Alto Alentejo, Alentejo Central e Baixo Alentejo",S.Penha - Portalegre,Esteva,Matos mediterrânicos,1.1788,117.88,29.3,40.3,
2022-05-18,2022,5,138,14:30,"Alto Alentejo, Alentejo Central e Baixo Alentejo",S.Penha - Portalegre,Giesta,Giestais,1.415,141.5,29.3,40.3,
2022-05-18,2022,5,138,15:30,AML e Alentejo Litoral,Arrábida - Setúbal,Esteva,Matos mediterrânicos,0.838,83.8,27.0,46.4,
2022-05-18,2022,5,138,15:30,AML e Alentejo Litoral,Arrábida - Setúbal,Carrasco,Matos mediterrânicos,1.06,106.0,27.0,46.4,
2022-05-18,2022,5,138,15:30,AML e Alentejo Litoral,Arrábida - Setúbal,Tojo,Matos atlânticos,0.69,69.0,27.0,46.4,
2022-05-18,2022,5,138,14:45,Douro,Lamares - Vila Real,Carqueja,Matos atlânticos,1.31,131.0,21.2,60.7,
2022-05-18,2022,5,138,14:45,Douro,Lamares - Vila Real,Urze,Matos atlânticos,0.91,91.0,21.2,60.7,
2022-05-18,2022,5,138,14:45,Douro,Lamares - Vila Real,Herbáceas,Herbáceas,0.45,45.0,21.2,60.7,
2022-05-18,2022,5,138,12:00,Médio Tejo e Lezíria do tejo,Chamusca,Esteva,Matos mediterrânicos,1.45,145.0,27.4,50.7,
2022-05-18,2022,5,138,12:00,Médio Tejo e Lezíria do tejo,Chamusca,Tojo,Matos atlânticos,0.99,99.0,27.4,50.7,
2022-05-18,2022,5,138,13:10,Médio Tejo e Lezíria do tejo,Santarém,P. bravo,Pinhais,1.35,135.0,24.2,62.7,
2022-05-18,2022,5,138,13:10,Médio Tejo e Lezíria do tejo,Santarém,Tojo,Matos atlânticos,1.9084,190.84,24.2,62.7,
2022-05-23,2022,5,143,15:15,"Aveiro, Viseu e Dão Lafões",Granja - Castro Daire,Carqueja,Matos atlânticos,1.301,130.1,22.6,40.0,
2022-05-23,2022,5,143,15:15,"Aveiro, Viseu e Dão Lafões",Granja - Castro Daire,Herbáceas,Herbáceas,1.463,146.3,22.6,40.0,
2022-05-23,2022,5,143,15:15,"Aveiro, Viseu e Dão Lafões",Granja - Castro Daire,Urze,Matos atlânticos,0.92,92.0,22.6,40.0,
2022-05-24,2022,5,144,15:00,"Alto Alentejo, Alentejo Central e Baixo Alentejo",S.Penha - Portalegre,Esteva,Matos mediterrânicos,1.2368,123.68,21.9,36.0,
2022-05-24,2022,5,144,15:00,"Alto Alentejo, Alentejo Central e Baixo Alentejo",S.Penha - Portalegre,Giesta,Giestais,1.5964,159.64,21.9,36.0,
2022-05-24,2022,5,144,12:00,Alto Tâmega e Terra de Trás-os-Montes,França - Bragança,Esteva,Matos mediterrânicos,0.59,59.0,18.0,58.3,
2022-05-24,2022,5,144,12:00,Alto Tâmega e Terra de Trás-os-Montes,França - Bragança,Tojo,Matos atlânticos,0.58,58.0,18.0,58.3,
2022-05-24,2022,5,144,12:00,Alto Tâmega e Terra de Trás-os-Montes,França - Bragança,Herbáceas,Herbáceas,0.56,56.0,18.0,58.3,
2022-05-24,2022,5,144,13:50,Médio Tejo e Lezíria do tejo,Chamusca,Esteva,Matos mediterrânicos,0.98,98.0,20.5,42.8,
2022-05-24,2022,5,144,13:50,Médio Tejo e Lezíria do tejo,Chamusca,Tojo,Matos atlânticos,0.81,81.0,20.5,42.8,
2022-05-24,2022,5,144,15:30,Médio Tejo e Lezíria do tejo,Santarém,Tojo,Matos atlânticos,1.52,152.0,21.1,45.5,
2022-05-24,2022,5,144,15:30,Médio Tejo e Lezíria do tejo,Santarém,P. bravo,Pinhais,1.2831,128.31,21.1,45.5,
2022-05-25,2022,5,145,14h30,Alto Tâmega e Terra de Trás-os-Montes,Anelhe - Chaves,Carqueja,Matos atlânticos,1.43,143.0,22.4,35.3,
2022-05-25,2022,5,145,14h30,Alto Tâmega e Terra de Trás-os-Montes,Anelhe - Chaves,Urze,Matos atlânticos,1.55,155.0,22.4,35.0,
2022-05-31,2022,5,151,13:06,AML e Alentejo Litoral,Arrábida - Setúbal,Esteva,Matos mediterrânicos,0.8,80.0,24.0,62.9,
2022-05-31,2022,5,151,13:06,AML e Alentejo Litoral,Arrábida - Setúbal,Carrasco,Matos mediterrânicos,0.9,90.0,24.0,62.9,
2022-05-31,2022,5,151,13:06,AML e Alentejo Litoral,Arrábida - Setúbal,Tojo,Matos atlânticos,0.65,65.0,24.0,62.9,
2022-05-31,2022,5,151,14:30,Douro,Lamares - Vila Real,Carqueja,Matos atlânticos,1.22,122.0,22.8,53.6,
2022-05-31,2022,5,151,14:30,Douro,Lamares - Vila Real,Urze,Matos atlânticos,0.96,96.0,22.8,53.6,
2022-05-31,2022,5,151,14:30,Douro,Lamares - Vila Real,Herbáceas,Herbáceas,0.71,71.0,22.8,53.6,
2022-06-01,2022,6,152,11:28,Alto Tâmega e Terra de Trás-os-Montes,França - Bragança,Esteva,Matos mediterrânicos,0.53,53.0,18.0,58.3,
2022-06-01,2022,6,152,11:28,Alto Tâmega e Terra de Trás-os-Montes,França - Bragança,Tojo,Matos atlânticos,0.54,54.0,18.0,58.3,
2022-06-01,2022,6,152,11:28,Alto Tâmega e Terra de Trás-os-Montes,França - Bragança,Herbáceas,Herbáceas,0.9,90.0,18.0,58.3,
2022-06-06,2022,6,157,13:55,AML e Alentejo Litoral,Arrábida - Setúbal,Esteva,Matos mediterrânicos,0.7,70.0,25.5,57.2,
2022-06-06,2022,6,157,13:55,AML e Alentejo Litoral,Arrábida - Setúbal,Carrasco,Matos mediterrânicos,0.82,82.0,25.5,57.2,
2022-06-06,2022,6,157,13:55,AML e Alentejo Litoral,Arrábida - Setúbal,Tojo,Matos atlânticos,0.755,75.5,25.5,57.2,
2022-06-06,2022,6,157,15:10,"Aveiro, Viseu e Dão Lafões",Granja - Castro Daire,Carqueja,Matos atlânticos,1.082,108.2,20.6,60.6,
2022-06-06,2022,6,157,15:10,"Aveiro, Viseu e Dão Lafões",Granja - Castro Daire,Urze,Matos atlânticos,1.148,114.8,20.6,60.6,
2022-06-06,2022,6,157,15:10,"Aveiro, Viseu e Dão Lafões",Granja - Castro Daire,Herbáceas,Herbáceas,1.118,111.8,20.6,60.6,
2022-06-07,2022,6,158,12:00,Alto Tâmega e Terra de Trás-os-Montes,França - Bragança,Esteva,Matos mediterrânicos,0.55,55.0,28.0,17.4,
2022-06-07,2022,6,158,12:00,Alto Tâmega e Terra de Trás-os-Montes,França - Bragança,Tojo,Matos atlânticos,0.5,50.0,28.0,17.4,
2022-06-07,2022,6,158,12:00,Alto Tâmega e Terra de Trás-os-Montes,França - Bragança,Herbáceas,Herbáceas,0.39,39.0,28.0,17.4,
2022-06-08,2022,6,159,14:15,"Alto Alentejo, Alentejo Central e Baixo Alentejo",S.Penha - Portalegre,Esteva,Matos mediterrânicos,1.0874,108.74,26.0,50.0,
2022-06-08,2022,6,159,14:15,"Alto Alentejo, Alentejo Central e Baixo Alentejo",S.Penha - Portalegre,Giesta,Giestais,1.2714,127.14,26.0,50.0,
2022-06-13,2022,6,164,14:44,Alto Tâmega e Terra de Trás-os-Montes,França - Bragança,Esteva,Matos mediterrânicos,0.53,53.0,36.8,31.9,
2022-06-13,2022,6,164,14:44,Alto Tâmega e Terra de Trás-os-Montes,França - Bragança,Tojo,Matos atlânticos,0.47,47.0,36.8,31.9,
2022-06-13,2022,6,164,14:44,Alto Tâmega e Terra de Trás-os-Montes,França - Bragança,Herbáceas,Herbáceas,0.57,57.0,36.8,31.9,
2022-06-13,2022,6,164,13:18,AML e Alentejo Litoral,Arrábida - Setúbal,Esteva,Matos mediterrânicos,0.84,84.0,31.4,39.8,
2022-06-13,2022,6,164,13:18,AML e Alentejo Litoral,Arrábida - Setúbal,Carrasco,Matos mediterrânicos,0.77,77.0,31.4,49.0,
2022-06-13,2022,6,164,13:18,AML e Alentejo Litoral,Arrábida - Setúbal,Tojo,Matos atlânticos,0.98,98.0,31.4,40.0,
2022-06-14,2022,6,165,14:30,"Alto Alentejo, Alentejo Central e Baixo Alentejo",S.Penha - Portalegre,Esteva,Matos mediterrânicos,0.98,98.0,37.7,23.1,
2022-06-14,2022,6,165,14:30,"Alto Alentejo, Alentejo Central e Baixo Alentejo",S.Penha - Portalegre,Giesta,Giestais,1.029,102.9,37.7,23.1,
2022-06-14,2022,6,165,14:15,Alto Tâmega e Terra de Trás-os-Montes,Anelhe - Chaves,Herbáceas,Herbáceas,0.4456,44.56,34.2,25.0,
2022-06-14,2022,6,165,14:15,Alto Tâmega e Terra de Trás-os-Montes,Anelhe - Chaves,Carqueja,Matos atlânticos,0.9141,91.41,34.2,25.0,
2022-06-14,2022,6,165,14:15,Alto Tâmega e Terra de Trás-os-Montes,Anelhe - Chaves,Urze,Matos atlânticos,1.2798,127.98,34.2,25.0,
2022-06-14,2022,6,165,13:15,Médio Tejo e Lezíria do tejo,Chamusca,Tojo,Matos atlânticos,0.86,86.0,33.0,45.5,
2022-06-14,2022,6,165,13:15,Médio Tejo e Lezíria do tejo,Chamusca,Esteva,Matos mediterrânicos,1.19,119.0,33.0,46.0,
2022-06-14,2022,6,165,14:15,Médio Tejo e Lezíria do tejo,Santarém,P. bravo,Pinhais,1.33,133.0,35.7,38.2,
2022-06-14,2022,6,165,14:15,Médio Tejo e Lezíria do tejo,Santarém,Tojo,Matos atlânticos,1.4036,140.36,35.7,38.2,
2022-06-15,2022,6,166,14:30,Alto Minho e Cávado,Labruja - Ponte de Lima,Carqueja,Matos atlânticos,0.79,79.0,28.3,63.8,
2022-06-15,2022,6,166,14:30,Alto Minho e Cávado,Labruja - Ponte de Lima,Herbáceas,Herbáceas,0.98,98.0,28.3,63.8,
2022-06-15,2022,6,166,14:30,Alto Minho e Cávado,Labruja - Ponte de Lima,Urze,Matos atlânticos,1.02,102.0,28.3,63.8,
2022-06-15,2022,6,166,14:30,Alto Minho e Cávado,Labruja - Ponte de Lima,Tojo,Matos atlânticos,1.82,182.0,28.3,63.8,
2022-06-15,2022,6,166,15:10,"Aveiro, Viseu e Dão Lafões",Granja - Castro Daire,Carqueja,Matos atlânticos,1.041,104.1,39.0,33.0,
2022-06-15,2022,6,166,15:10,"Aveiro, Viseu e Dão Lafões",Granja - Castro Daire,Herbáceas,Herbáceas,0.795,79.5,39.0,33.0,
2022-06-15,2022,6,166,15:10,"Aveiro, Viseu e Dão Lafões",Granja - Castro Daire,Urze,Matos atlânticos,0.908,90.8,39.0,33.0,
2022-06-21,2022,6,172,13:30,Alto Tâmega e Terra de Trás-os-Montes,França - Bragança,Esteva,Matos mediterrânicos,0.48,48.0,22.0,47.0,
2022-06-21,2022,6,172,13:30,Alto Tâmega e Terra de Trás-os-Montes,França - Bragança,Tojo,Matos atlânticos,0.45,45.0,22.0,47.0,
2022-06-21,2022,6,172,13:30,Alto Tâmega e Terra de Trás-os-Montes,França - Bragança,Herbáceas,Herbáceas,0.29,29.0,22.0,47.0,
2022-06-21,2022,6,172,14:20,Alto Tâmega e Terra de Trás-os-Montes,Anelhe - Chaves,Herbáceas,Herbáceas,0.75,75.0,18.0,58.0,
2022-06-21,2022,6,172,14:20,Alto Tâmega e Terra de Trás-os-Montes,Anelhe - Chaves,Carqueja,Matos atlânticos,1.03,103.0,18.0,58.0,
2022-06-21,2022,6,172,14:20,Alto Tâmega e Terra de Trás-os-Montes,Anelhe - Chaves,Urze,Matos atlânticos,1.37,137.0,18.0,58.0,
2022-06-22,2022,6,173,14:30,"Alto Alentejo, Alentejo Central e Baixo Alentejo",S.Penha - Portalegre,Esteva,Matos mediterrânicos,0.983,98.3,26.5,37.0,
2022-06-22,2022,6,173,14:30,"Alto Alentejo, Alentejo Central e Baixo Alentejo",S.Penha - Portalegre,Giesta,Giestais,0.928,92.8,26.5,37.0,
2022-06-27,2022,6,178,14:30,"Alto Alentejo, Alentejo Central e Baixo Alentejo",S.Penha - Portalegre,Esteva,Matos mediterrânicos,0.92,92.0,27.2,27.0,
2022-06-27,2022,6,178,14:30,"Alto Alentejo, Alentejo Central e Baixo Alentejo",S.Penha - Portalegre,Giesta,Giestais,0.89,89.0,27.2,27.0,
2022-06-27,2022,6,178,14:45,Douro,Lamares - Vila Real,Urze,Matos atlânticos,0.87,87.0,24.3,34.2,
2022-06-27,2022,6,178,14:45,Douro,Lamares - Vila Real,Herbáceas,Herbáceas,0.48,48.0,24.3,34.2,
2022-06-27,2022,6,178,14:00,Médio Tejo e Lezíria do tejo,Santarém,Tojo,Matos atlânticos,1.03,103.0,25.0,35.0,
2022-06-27,2022,6,178,14:00,Médio Tejo e Lezíria do tejo,Santarém,P. bravo,Pinhais,1.33,133.0,25.0,35.0,
2022-06-27,2022,6,178,15:00,Médio Tejo e Lezíria do tejo,Chamusca,Esteva,Matos mediterrânicos,0.53,53.0,27.0,32.0,
2022-06-27,2022,6,178,15:00,Médio Tejo e Lezíria do tejo,Chamusca,Tojo,Matos atlânticos,0.71,71.0,27.0,32.0,
2022-06-28,2022,6,179,14:15,Alto Tâmega e Terra de Trás-os-Montes,Anelhe - Chaves,Herbáceas,Herbáceas,0.42,42.0,27.7,29.6,
2022-06-28,2022,6,179,14:15,Alto Tâmega e Terra de Trás-os-Montes,Anelhe - Chaves,Carqueja,Matos atlânticos,0.95,95.0,27.7,29.6,
2022-06-28,2022,6,179,14:15,Alto Tâmega e Terra de Trás-os-Montes,Anelhe - Chaves,Urze,Matos atlânticos,1.17,117.0,27.7,29.6,
2022-06-29,2022,6,180,14:30,Alto Minho e Cávado,Labruja - Ponte de Lima,Carqueja,Matos atlânticos,1.3,130.0,16.1,69.3,
2022-06-29,2022,6,180,14:30,Alto Minho e Cávado,Labruja - Ponte de Lima,Herbáceas,Herbáceas,1.32,132.0,16.1,69.3,
2022-06-29,2022,6,180,14:30,Alto Minho e Cávado,Labruja - Ponte de Lima,Urze,Matos atlânticos,0.81,81.0,16.1,69.3,
2022-06-29,2022,6,180,14:30,Alto Minho e Cávado,Labruja - Ponte de Lima,Tojo,Matos atlânticos,1.83,183.0,16.1,69.3,
2022-06-29,2022,6,180,14:30,Tâmega e Sousa e Ave,Felgueira - Vale de Cambra,Carqueja,Matos atlânticos,1.4,140.0,16.3,66.0,
2022-06-29,2022,6,180,14:30,Tâmega e Sousa e Ave,Felgueira - Vale de Cambra,Urze,Matos atlânticos,1.31,131.0,16.3,66.0,
2022-06-29,2022,6,180,14:30,Tâmega e Sousa e Ave,Felgueira - Vale de Cambra,Tojo,Matos atlânticos,1.93,193.0,16.3,66.0,
2022-06-29,2022,6,180,14:30,Tâmega e Sousa e Ave,Felgueira - Vale de Cambra,Herbáceas,Herbáceas,1.15,115.0,16.3,66.0,
2022-07-04,2022,7,185,14:30,Alto Tâmega e Terra de Trás-os-Montes,Anelhe - Chaves,Herbáceas,Herbáceas,0.34,34.0,31.0,40.0,
2022-07-04,2022,7,185,14:30,Alto Tâmega e Terra de Trás-os-Montes,Anelhe - Chaves,Carqueja,Matos atlânticos,0.91,91.0,31.0,40.0,
2022-07-04,2022,7,185,14:30,Alto Tâmega e Terra de Trás-os-Montes,Anelhe - Chaves,Urze,Matos atlânticos,1.12,112.0,31.0,40.0,
2022-07-04,2022,7,185,14:45,Douro,Lamares - Vila Real,Carqueja,Matos atlânticos,0.87,87.0,28.5,42.0,
2022-07-04,2022,7,185,14:45,Douro,Lamares - Vila Real,Urze,Matos atlânticos,0.92,92.0,28.5,42.0,
2022-07-04,2022,7,185,14:45,Douro,Lamares - Vila Real,Herbáceas,Herbáceas,0.61,61.0,28.5,42.0,
2022-07-05,2022,7,186,14:00,"Alto Alentejo, Alentejo Central e Baixo Alentejo",S.Penha - Portalegre,Esteva,Matos mediterrânicos,0.885,88.5,31.7,31.0,
2022-07-05,2022,7,186,14:00,"Alto Alentejo, Alentejo Central e Baixo Alentejo",S.Penha - Portalegre,Giesta,Giestais,0.906,90.6,31.7,31.0,
2022-07-05,2022,7,186,12:05,Alto Tâmega e Terra de Trás-os-Montes,França - Bragança,Esteva,Matos mediterrânicos,0.52,52.0,32.8,27.06,
2022-07-05,2022,7,186,12:05,Alto Tâmega e Terra de Trás-os-Montes,França - Bragança,Tojo,Matos atlânticos,0.36,36.0,32.8,27.06,
2022-07-05,2022,7,186,13:05,Alto Tâmega e Terra de Trás-os-Montes,França - Bragança,Herbáceas,Herbáceas,0.17,17.0,32.8,27.06,
2022-07-06,2022,7,187,14:00,Alto Minho e Cávado,Labruja - Ponte de Lima,Carqueja,Matos atlânticos,1.36,136.0,27.4,53.0,
2022-07-06,2022,7,187,14:00,Alto Minho e Cávado,Labruja - Ponte de Lima,Herbáceas,Herbáceas,1.43,143.0,27.4,53.0,
2022-07-06,2022,7,187,14:00,Alto Minho e Cávado,Labruja - Ponte de Lima,Urze,Matos atlânticos,0.9,90.0,27.4,53.0,
2022-07-06,2022,7,187,14:00,Alto Minho e Cávado,Labruja - Ponte de Lima,Tojo,Matos atlânticos,1.74,174.0,27.4,53.0,
2022-07-06,2022,7,187,15:00,Médio Tejo e Lezíria do tejo,Santarém,Tojo,Matos atlânticos,1.11,111.0,33.0,37.0,
2022-07-06,2022,7,187,15:00,Médio Tejo e Lezíria do tejo,Santarém,P. bravo,Pinhais,1.38,138.0,33.0,37.0,
2022-07-06,2022,7,187,14:30,Médio Tejo e Lezíria do tejo,Chamusca,Esteva,Matos mediterrânicos,0.64,64.0,36.0,35.0,
2022-07-06,2022,7,187,14:30,Médio Tejo e Lezíria do tejo,Chamusca,Tojo,Matos atlânticos,0.91,91.0,36.0,35.0,
2022-07-12,2022,7,193,14:30,"Alto Alentejo, Alentejo Central e Baixo Alentejo",S.Penha - Portalegre,Esteva,Matos mediterrânicos,0.811,81.1,39.5,12.5,
2022-07-12,2022,7,193,14:30,"Alto Alentejo, Alentejo Central e Baixo Alentejo",S.Penha - Portalegre,Giesta,Giestais,0.846,84.6,39.5,12.5,
2022-07-12,2022,7,193,14:40,Alto Tâmega e Terra de Trás-os-Montes,Anelhe - Chaves,Herbáceas,Herbáceas,0.47,47.0,38.2,21.1,
2022-07-12,2022,7,193,14:40,Alto Tâmega e Terra de Trás-os-Montes,Anelhe - Chaves,Carqueja,Matos atlânticos,0.88,88.0,38.2,21.1,
2022-07-12,2022,7,193,14:40,Alto Tâmega e Terra de Trás-os-Montes,Anelhe - Chaves,Urze,Matos atlânticos,1.16,116.0,38.2,21.1,
2022-07-12,2022,7,193,13:50,Alto Tâmega e Terra de Trás-os-Montes,França - Bragança,Esteva,Matos mediterrânicos,0.47,47.0,40.0,20.3,
2022-07-12,2022,7,193,13:50,Alto Tâmega e Terra de Trás-os-Montes,França - Bragança,Tojo,Matos atlânticos,0.4,40.0,40.0,20.3,
2022-07-12,2022,7,193,13:50,Alto Tâmega e Terra de Trás-os-Montes,França - Bragança,Herbáceas,Herbáceas,0.29,29.0,40.0,20.3,
2022-07-12,2022,7,193,14:45,Douro,Lamares - Vila Real,Carqueja,Matos atlânticos,0.84,84.0,38.0,20.0,
2022-07-12,2022,7,193,14:45,Douro,Lamares - Vila Real,Herbáceas,Herbáceas,0.17,17.0,38.0,20.0,
2022-07-19,2022,7,200,14:30,"Alto Alentejo, Alentejo Central e Baixo Alentejo",S.Penha - Portalegre,Esteva,Matos mediterrânicos,0.838,83.8,33.6,29.0,
2022-07-19,2022,7,200,14:30,"Alto Alentejo, Alentejo Central e Baixo Alentejo",S.Penha - Portalegre,Giesta,Giestais,0.848,84.8,33.6,29.0,
2022-07-19,2022,7,200,12:00,Alto Tâmega e Terra de Trás-os-Montes,França - Bragança,Esteva,Matos mediterrânicos,0.48,48.0,28.0,49.2,
2022-07-19,2022,7,200,12:00,Alto Tâmega e Terra de Trás-os-Montes,França - Bragança,Tojo,Matos atlânticos,0.4,40.0,28.0,49.2,
2022-07-19,2022,7,200,12:00,Alto Tâmega e Terra de Trás-os-Montes,França - Bragança,Herbáceas,Herbáceas,0.21,21.0,28.0,49.2,
2022-07-19,2022,7,200,14:00,AML e Alentejo Litoral,Arrábida - Setúbal,Esteva,Matos mediterrânicos,0.76,76.0,25.7,56.5,
2022-07-19,2022,7,200,14:00,AML e Alentejo Litoral,Arrábida - Setúbal,Carrasco,Matos mediterrânicos,0.71,71.0,25.7,56.5,
2022-07-19,2022,7,200,14:00,AML e Alentejo Litoral,Arrábida - Setúbal,Tojo,Matos atlânticos,0.67,67.0,25.7,56.5,
2022-07-19,2022,7,200,13:20,Médio Tejo e Lezíria do tejo,Santarém,Tojo,Matos atlânticos,1.01,101.0,31.0,40.0,
2022-07-19,2022,7,200,13:20,Médio Tejo e Lezíria do tejo,Santarém,P. bravo,Pinhais,1.32,132.0,31.0,40.0,
2022-07-19,2022,7,200,14:10,Médio Tejo e Lezíria do tejo,Chamusca,Esteva,Matos mediterrânicos,0.45,45.0,32.0,37.0,
2022-07-19,2022,7,200,14:10,Médio Tejo e Lezíria do tejo,Chamusca,Tojo,Matos atlânticos,0.5498,54.98,32.0,37.0,
2022-07-25,2022,7,206,14:30,"Alto Alentejo, Alentejo Central e Baixo Alentejo",S.Penha - Portalegre,Esteva,Matos mediterrânicos,0.767,76.7,38.0,13.0,
2022-07-25,2022,7,206,14:30,"Alto Alentejo, Alentejo Central e Baixo Alentejo",S.Penha - Portalegre,Giesta,Giestais,0.862,86.2,38.0,13.0,
2022-07-25,2022,7,206,13:00,AML e Alentejo Litoral,Arrábida - Setúbal,Esteva,Matos mediterrânicos,0.769,76.9,35.1,27.3,
2022-07-25,2022,7,206,13:00,AML e Alentejo Litoral,Arrábida - Setúbal,Carrasco,Matos mediterrânicos,0.742,74.2,35.1,27.3,
2022-07-25,2022,7,206,13:00,AML e Alentejo Litoral,Arrábida - Setúbal,Tojo,Matos atlânticos,0.652,65.2,35.1,27.3,
2022-07-25,2022,7,206,15:15,"Aveiro, Viseu e Dão Lafões",Granja - Castro Daire,Carqueja,Matos atlânticos,0.81,81.0,29.0,28.0,
2022-07-25,2022,7,206,15:15,"Aveiro, Viseu e Dão Lafões",Granja - Castro Daire,Herbáceas,Herbáceas,0.36,36.0,29.0,28.0,
2022-07-25,2022,7,206,15:15,"Aveiro, Viseu e Dão Lafões",Granja - Castro Daire,Urze,Matos atlânticos,0.716,71.6,29.0,28.0,
2022-07-26,2022,7,207,14:25,Médio Tejo e Lezíria do tejo,Santarém,Tojo,Matos atlânticos,0.92,92.0,31.8,40.6,
2022-07-26,2022,7,207,14:25,Médio Tejo e Lezíria do tejo,Santarém,P. bravo,Pinhais,1.36,136.0,31.8,40.6,
2022-07-26,2022,7,207,15:35,Médio Tejo e Lezíria do tejo,Chamusca,Tojo,Matos atlânticos,0.75,75.0,33.1,30.3,
2022-07-26,2022,7,207,15:35,Médio Tejo e Lezíria do tejo,Chamusca,Esteva,Matos mediterrânicos,0.7883,78.83,33.1,30.3,
2022-07-27,2022,7,208,14h30,Alto Tâmega e Terra de Trás-os-Montes,Anelhe - Chaves,Carqueja,Matos atlânticos,0.55,55.0,31.0,35.0,
2022-07-27,2022,7,208,14h30,Alto Tâmega e Terra de Trás-os-Montes,Anelhe - Chaves,Urze,Matos atlânticos,1.02,102.0,31.0,35.0,
2022-07-28,2022,7,209,14h30,Alto Minho e Cávado,Labruja - Ponte de Lima,Carqueja,Matos atlânticos,1.03,103.0,23.6,62.7,
2022-07-28,2022,7,209,14h30,Alto Minho e Cávado,Labruja - Ponte de Lima,Herbáceas,Herbáceas,0.31,31.0,23.6,62.7,
2022-07-28,2022,7,209,14h30,Alto Minho e Cávado,Labruja - Ponte de Lima,Urze,Matos atlânticos,0.89,89.0,23.6,62.7,
2022-07-28,2022,7,209,14h30,Alto Minho e Cávado,Labruja - Ponte de Lima,Tojo,Matos atlânticos,1.47,147.0,23.6,62.7,
2022-08-01,2022,8,213,14h45,"Alto Alentejo, Alentejo Central e Baixo Alentejo",S.Penha - Portalegre,Esteva,Matos mediterrânicos,0.743,74.3,40.7,21.7,
2022-08-01,2022,8,213,14h45,"Alto Alentejo, Alentejo Central e Baixo Alentejo",S.Penha - Portalegre,Giesta,Giestais,0.843,84.3,40.7,21.7,
2022-08-01,2022,8,213,15:00,AML e Alentejo Litoral,Arrábida - Setúbal,Esteva,Matos mediterrânicos,0.705,70.5,26.1,58.6,
2022-08-01,2022,8,213,15:00,AML e Alentejo Litoral,Arrábida - Setúbal,Carrasco,Matos mediterrânicos,0.718,71.8,26.1,58.6,
2022-08-01,2022,8,213,15:00,AML e Alentejo Litoral,Arrábida - Setúbal,Tojo,Matos atlânticos,0.648,64.8,26.1,58.6,
2022-08-02,2022,8,214,14:30,Tâmega e Sousa e Ave,Felgueira - Vale de Cambra,Carqueja,Matos atlânticos,0.8144,81.44,33.0,27.0,
2022-08-02,2022,8,214,14:30,Tâmega e Sousa e Ave,Felgueira - Vale de Cambra,Urze,Matos atlânticos,0.77,77.0,33.0,27.0,
2022-08-02,2022,8,214,14:30,Tâmega e Sousa e Ave,Felgueira - Vale de Cambra,Tojo,Matos atlânticos,1.1578,115.78,33.0,27.0,
2022-08-02,2022,8,214,14:30,Tâmega e Sousa e Ave,Felgueira - Vale de Cambra,Herbáceas,Herbáceas,0.4581,45.81,33.0,27.0,
2022-08-02,2022,8,214,14:30,"Aveiro, Viseu e Dão Lafões",Granja - Castro Daire,Carqueja,Matos atlânticos,0.666,66.6,34.0,28.0,
2022-08-02,2022,8,214,14:30,"Aveiro, Viseu e Dão Lafões",Granja - Castro Daire,Urze,Matos atlânticos,0.639,63.9,34.0,28.0,
2022-08-02,2022,8,214,14:30,"Aveiro, Viseu e Dão Lafões",Granja - Castro Daire,Herbáceas,Herbáceas,0.363,36.3,34.0,28.0,
2022-08-02,2022,8,214,15:17,Médio Tejo e Lezíria do tejo,Santarém,P. bravo,Pinhais,1.38,138.0,39.0,32.0,
2022-08-02,2022,8,214,15:17,Médio Tejo e Lezíria do tejo,Santarém,Tojo,Matos atlânticos,0.88,88.0,39.0,32.0,
2022-08-02,2022,8,214,16:00,Médio Tejo e Lezíria do tejo,Chamusca,Esteva,Matos mediterrânicos,0.66,66.0,37.0,18.0,
2022-08-02,2022,8,214,16:00,Médio Tejo e Lezíria do tejo,Chamusca,Tojo,Matos atlânticos,0.5482,54.82,37.0,18.0,
2022-08-03,2022,8,215,14:30,Alto Minho e Cávado,Labruja - Ponte de Lima,Carqueja,Matos atlânticos,1.0,100.0,28.6,58.6,
2022-08-03,2022,8,215,14:30,Alto Minho e Cávado,Labruja - Ponte de Lima,Herbáceas,Herbáceas,0.55,55.0,28.6,58.6,
2022-08-03,2022,8,215,14:30,Alto Minho e Cávado,Labruja - Ponte de Lima,Urze,Matos atlânticos,0.77,77.0,28.6,58.6,
2022-08-03,2022,8,215,14:30,Alto Minho e Cávado,Labruja - Ponte de Lima,Tojo,Matos atlânticos,1.25,125.0,28.6,58.6,
